"ID","Suf","Qmax","QT","P"
"p48",1,85.9200005341314,-0.361292709463965,0.420498960914743
"p48",2,95.2088871167639,-0.49058829273167,0.51527573484817
"p48",3,97.416400109059,-0.261875052120127,0.268820292914698
"p48",4,103.071023686529,0.779386308458613,0.756164322990493
"p48",5,97.854859537573,0.399635287162154,0.408395954018724
"p48",6,88.8292640271764,-0.0465276462011845,0.0523787365692345
"p48",7,91.9965295473962,-0.559047735255043,0.607683505025071
"p48",8,94.8114403160971,0.0225017927105018,0.0237332041739708
"p48",9,98.140142262018,-0.508964304247916,0.518609707013737
"p48",10,96.1513769064373,0.291624778517711,0.303297558392206
"p48",11,93.559903176003,-0.0650103309565946,0.0694852482203818
"p48",12,92.0110492475126,-0.480807877230222,0.522554498793763
"p58",1,183.615705516305,0.405203276046072,0.220680074673726
"p58",2,185.332668315561,0.141474871410119,0.076335636181115
"p58",3,190.601658763923,0.273596913565407,0.143543826081955
"p58",4,189.052375048147,0.414021841493484,0.218998487264729
"p58",5,190.45228847118,0.297475993528908,0.156194496751307
"p58",6,191.792909572423,0.241643527113901,0.125991898059534
"p58",7,192.727484569292,0.668729513335279,0.346981913259418
"p58",8,189.811604731649,0.452929014059292,0.238620296530147
"p58",9,192.364800152747,0.789284540782488,0.410306116376675
"p58",10,193.046641963065,0.863358966688626,0.447228171342037
"p58",11,193.401192472234,0.682509057577692,0.352898060685783
"p58",12,188.506026025363,0.493579489673408,0.261837512614582
"p88",1,156.949261775483,-0.436772612910891,0.278289052124181
"p88",2,157.425077261683,-0.542096051663291,0.344351777425004
"p88",3,156.608260614795,-0.362538184915088,0.231493653969386
"p88",4,157.232044758821,-0.253021095357184,0.160922091769076
"p88",5,155.056166373211,-0.196406098353414,0.126667712060336
"p88",6,162.721681041934,-0.163893748585814,0.100720289721919
"p88",7,162.819152016936,-0.193075168660091,0.118582590726187
"p88",8,161.694074424705,-0.0372492735884187,0.0230368822858529
"p88",9,159.223018093033,0.0872845936139903,0.0548190799668114
"p88",10,158.970591299933,-0.147676407156709,0.092895425467774
"p88",11,160.158556453568,-0.52415176201999,0.327270533417893
"p88",12,158.622865509321,-0.553906946260311,0.349197415190915
