"ID","Lat","Lon"
"G_1",-80,-179.9
"G_1",-80,-160
"G_1",-90,-160
"G_1",-90,-179.9
"G_2",-70,-179.9
"G_2",-70,-160
"G_2",-80,-160
"G_2",-80,-179.9
"G_3",-60,-179.9
"G_3",-60,-160
"G_3",-70,-160
"G_3",-70,-179.9
"G_4",-50,-179.9
"G_4",-50,-160
"G_4",-60,-160
"G_4",-60,-179.9
"G_5",-40,-179.9
"G_5",-40,-160
"G_5",-50,-160
"G_5",-50,-179.9
"G_6",-80,-160
"G_6",-80,-140
"G_6",-90,-140
"G_6",-90,-160
"G_7",-70,-160
"G_7",-70,-140
"G_7",-80,-140
"G_7",-80,-160
"G_8",-60,-160
"G_8",-60,-140
"G_8",-70,-140
"G_8",-70,-160
"G_9",-50,-160
"G_9",-50,-140
"G_9",-60,-140
"G_9",-60,-160
"G_10",-40,-160
"G_10",-40,-140
"G_10",-50,-140
"G_10",-50,-160
"G_11",-80,-140
"G_11",-80,-120
"G_11",-90,-120
"G_11",-90,-140
"G_12",-70,-140
"G_12",-70,-120
"G_12",-80,-120
"G_12",-80,-140
"G_13",-60,-140
"G_13",-60,-120
"G_13",-70,-120
"G_13",-70,-140
"G_14",-50,-140
"G_14",-50,-120
"G_14",-60,-120
"G_14",-60,-140
"G_15",-40,-140
"G_15",-40,-120
"G_15",-50,-120
"G_15",-50,-140
"G_16",-80,-120
"G_16",-80,-100
"G_16",-90,-100
"G_16",-90,-120
"G_17",-70,-120
"G_17",-70,-100
"G_17",-80,-100
"G_17",-80,-120
"G_18",-60,-120
"G_18",-60,-100
"G_18",-70,-100
"G_18",-70,-120
"G_19",-50,-120
"G_19",-50,-100
"G_19",-60,-100
"G_19",-60,-120
"G_20",-40,-120
"G_20",-40,-100
"G_20",-50,-100
"G_20",-50,-120
"G_21",-80,-100
"G_21",-80,-80
"G_21",-90,-80
"G_21",-90,-100
"G_22",-70,-100
"G_22",-70,-80
"G_22",-80,-80
"G_22",-80,-100
"G_23",-60,-100
"G_23",-60,-80
"G_23",-70,-80
"G_23",-70,-100
"G_24",-50,-100
"G_24",-50,-80
"G_24",-60,-80
"G_24",-60,-100
"G_25",-40,-100
"G_25",-40,-80
"G_25",-50,-80
"G_25",-50,-100
"G_26",-80,-80
"G_26",-80,-60
"G_26",-90,-60
"G_26",-90,-80
"G_27",-70,-80
"G_27",-70,-60
"G_27",-80,-60
"G_27",-80,-80
"G_28",-60,-80
"G_28",-60,-60
"G_28",-70,-60
"G_28",-70,-80
"G_29",-50,-80
"G_29",-50,-60
"G_29",-60,-60
"G_29",-60,-80
"G_30",-40,-80
"G_30",-40,-60
"G_30",-50,-60
"G_30",-50,-80
"G_31",-80,-60
"G_31",-80,-40
"G_31",-90,-40
"G_31",-90,-60
"G_32",-70,-60
"G_32",-70,-40
"G_32",-80,-40
"G_32",-80,-60
"G_33",-60,-60
"G_33",-60,-40
"G_33",-70,-40
"G_33",-70,-60
"G_34",-50,-60
"G_34",-50,-40
"G_34",-60,-40
"G_34",-60,-60
"G_35",-40,-60
"G_35",-40,-40
"G_35",-50,-40
"G_35",-50,-60
"G_36",-80,-40
"G_36",-80,-20
"G_36",-90,-20
"G_36",-90,-40
"G_37",-70,-40
"G_37",-70,-20
"G_37",-80,-20
"G_37",-80,-40
"G_38",-60,-40
"G_38",-60,-20
"G_38",-70,-20
"G_38",-70,-40
"G_39",-50,-40
"G_39",-50,-20
"G_39",-60,-20
"G_39",-60,-40
"G_40",-40,-40
"G_40",-40,-20
"G_40",-50,-20
"G_40",-50,-40
"G_41",-80,-20
"G_41",-80,0
"G_41",-90,0
"G_41",-90,-20
"G_42",-70,-20
"G_42",-70,0
"G_42",-80,0
"G_42",-80,-20
"G_43",-60,-20
"G_43",-60,0
"G_43",-70,0
"G_43",-70,-20
"G_44",-50,-20
"G_44",-50,0
"G_44",-60,0
"G_44",-60,-20
"G_45",-40,-20
"G_45",-40,0
"G_45",-50,0
"G_45",-50,-20
"G_46",-80,0
"G_46",-80,20
"G_46",-90,20
"G_46",-90,0
"G_47",-70,0
"G_47",-70,20
"G_47",-80,20
"G_47",-80,0
"G_48",-60,0
"G_48",-60,20
"G_48",-70,20
"G_48",-70,0
"G_49",-50,0
"G_49",-50,20
"G_49",-60,20
"G_49",-60,0
"G_50",-40,0
"G_50",-40,20
"G_50",-50,20
"G_50",-50,0
"G_51",-80,20
"G_51",-80,40
"G_51",-90,40
"G_51",-90,20
"G_52",-70,20
"G_52",-70,40
"G_52",-80,40
"G_52",-80,20
"G_53",-60,20
"G_53",-60,40
"G_53",-70,40
"G_53",-70,20
"G_54",-50,20
"G_54",-50,40
"G_54",-60,40
"G_54",-60,20
"G_55",-40,20
"G_55",-40,40
"G_55",-50,40
"G_55",-50,20
"G_56",-80,40
"G_56",-80,60
"G_56",-90,60
"G_56",-90,40
"G_57",-70,40
"G_57",-70,60
"G_57",-80,60
"G_57",-80,40
"G_58",-60,40
"G_58",-60,60
"G_58",-70,60
"G_58",-70,40
"G_59",-50,40
"G_59",-50,60
"G_59",-60,60
"G_59",-60,40
"G_60",-40,40
"G_60",-40,60
"G_60",-50,60
"G_60",-50,40
"G_61",-80,60
"G_61",-80,80
"G_61",-90,80
"G_61",-90,60
"G_62",-70,60
"G_62",-70,80
"G_62",-80,80
"G_62",-80,60
"G_63",-60,60
"G_63",-60,80
"G_63",-70,80
"G_63",-70,60
"G_64",-50,60
"G_64",-50,80
"G_64",-60,80
"G_64",-60,60
"G_65",-40,60
"G_65",-40,80
"G_65",-50,80
"G_65",-50,60
"G_66",-80,80
"G_66",-80,100
"G_66",-90,100
"G_66",-90,80
"G_67",-70,80
"G_67",-70,100
"G_67",-80,100
"G_67",-80,80
"G_68",-60,80
"G_68",-60,100
"G_68",-70,100
"G_68",-70,80
"G_69",-50,80
"G_69",-50,100
"G_69",-60,100
"G_69",-60,80
"G_70",-40,80
"G_70",-40,100
"G_70",-50,100
"G_70",-50,80
"G_71",-80,100
"G_71",-80,120
"G_71",-90,120
"G_71",-90,100
"G_72",-70,100
"G_72",-70,120
"G_72",-80,120
"G_72",-80,100
"G_73",-60,100
"G_73",-60,120
"G_73",-70,120
"G_73",-70,100
"G_74",-50,100
"G_74",-50,120
"G_74",-60,120
"G_74",-60,100
"G_75",-40,100
"G_75",-40,120
"G_75",-50,120
"G_75",-50,100
"G_76",-80,120
"G_76",-80,140
"G_76",-90,140
"G_76",-90,120
"G_77",-70,120
"G_77",-70,140
"G_77",-80,140
"G_77",-80,120
"G_78",-60,120
"G_78",-60,140
"G_78",-70,140
"G_78",-70,120
"G_79",-50,120
"G_79",-50,140
"G_79",-60,140
"G_79",-60,120
"G_80",-40,120
"G_80",-40,140
"G_80",-50,140
"G_80",-50,120
"G_81",-80,140
"G_81",-80,160
"G_81",-90,160
"G_81",-90,140
"G_82",-70,140
"G_82",-70,160
"G_82",-80,160
"G_82",-80,140
"G_83",-60,140
"G_83",-60,160
"G_83",-70,160
"G_83",-70,140
"G_84",-50,140
"G_84",-50,160
"G_84",-60,160
"G_84",-60,140
"G_85",-40,140
"G_85",-40,160
"G_85",-50,160
"G_85",-50,140
"G_86",-80,160
"G_86",-80,179.9
"G_86",-90,179.9
"G_86",-90,160
"G_87",-70,160
"G_87",-70,179.9
"G_87",-80,179.9
"G_87",-80,160
"G_88",-60,160
"G_88",-60,179.9
"G_88",-70,179.9
"G_88",-70,160
"G_89",-50,160
"G_89",-50,179.9
"G_89",-60,179.9
"G_89",-60,160
"G_90",-40,160
"G_90",-40,179.9
"G_90",-50,179.9
"G_90",-50,160
