layer_code,layer_name,label,name,active,start_date,end_date,description
ASD,"CCAMLR Statistical Areas, Subareas and Divisions",481,48.1,yes,14/09/1984,, SC-CAMLR-III Appendix 2
ASD,"CCAMLR Statistical Areas, Subareas and Divisions",482,48.2,yes,14/09/1984,, SC-CAMLR-III Appendix 2
ASD,"CCAMLR Statistical Areas, Subareas and Divisions",483,48.3,yes,14/09/1984,, SC-CAMLR-III Appendix 2
ASD,"CCAMLR Statistical Areas, Subareas and Divisions",484,48.4,yes,14/09/1984,, SC-CAMLR-III Appendix 2
ASD,"CCAMLR Statistical Areas, Subareas and Divisions",485,48.5,yes,14/09/1984,, SC-CAMLR-III Appendix 2
ASD,"CCAMLR Statistical Areas, Subareas and Divisions",486,48.6,yes,14/09/1984,, SC-CAMLR-III Appendix 2
ASD,"CCAMLR Statistical Areas, Subareas and Divisions",5841,58.4.1,yes,2/11/2001,,CCAMLR-XX Annex 7
ASD,"CCAMLR Statistical Areas, Subareas and Divisions",5842,58.4.2,yes,2/11/2001,,CCAMLR-XX Annex 7
ASD,"CCAMLR Statistical Areas, Subareas and Divisions",5843a,58.4.3a,yes,2/11/2001,,Requested change in CCAMLR-XIX Par.9.47. Reviewed in SC-CAMLR-XX/5. Endorsed in CCAMLR-XX Par.7.17. Coordinates in CCAMLR-XX Annex 7.
ASD,"CCAMLR Statistical Areas, Subareas and Divisions",5843b,58.4.3b,yes,2/11/2001,,Requested change in CCAMLR-XIX Par.9.47. Reviewed in SC-CAMLR-XX/5. Endorsed in CCAMLR-XX Par.7.17. Coordinates in CCAMLR-XX Annex 7.
ASD,"CCAMLR Statistical Areas, Subareas and Divisions",5851,58.5.1,yes,6/11/1987,,Proposed in SC-CAMLR-VI Par 5.76 and Figure 2. The proposal accepted in CCAMLR-VI Par 49
ASD,"CCAMLR Statistical Areas, Subareas and Divisions",5852,58.5.2,yes,2/11/2001,,CCAMLR-XX Annex 7
ASD,"CCAMLR Statistical Areas, Subareas and Divisions",881,88.1,yes,13/09/1985,, SC-CAMLR-III Appendix 2
ASD,"CCAMLR Statistical Areas, Subareas and Divisions",882,88.2,yes,13/09/1985,, SC-CAMLR-III Appendix 2
ASD,"CCAMLR Statistical Areas, Subareas and Divisions",883,88.3,yes,13/09/1985,, SC-CAMLR-III Appendix 2
ASD,"CCAMLR Statistical Areas, Subareas and Divisions",586,58.6,no,14/09/1984,1/12/2016,
ASD,"CCAMLR Statistical Areas, Subareas and Divisions",587,58.7,no,14/09/1984,1/12/2016,
ASD,"CCAMLR Statistical Areas, Subareas and Divisions",5844a,58.4.4a,yes,3/11/1995,,SC-CAMLR-XIV Par 12.1
ASD,"CCAMLR Statistical Areas, Subareas and Divisions",5844b,58.4.4b,yes,3/11/1995,,SC-CAMLR-XIV Par 12.1
ASD,"CCAMLR Statistical Areas, Subareas and Divisions",586,58.6,yes,1/12/2016,,CCAMLR-XXXV Paragraph 12.4
ASD,"CCAMLR Statistical Areas, Subareas and Divisions",587,58.7,yes,1/12/2016,,CCAMLR-XXXV Paragraph 12.4
SSRU,CCAMLR Fishery Small Scale Research Units,486A,48.6 A,yes,12/01/2007,,CM 41-01 (2007)
SSRU,CCAMLR Fishery Small Scale Research Units,486B,48.6 B,yes,12/01/2002,,CM 41-01 (2002)
SSRU,CCAMLR Fishery Small Scale Research Units,486C,48.6 C,yes,12/01/2002,,CM 41-01 (2002)
SSRU,CCAMLR Fishery Small Scale Research Units,486D,48.6 D,yes,12/01/2002,,CM 41-01 (2002)
SSRU,CCAMLR Fishery Small Scale Research Units,486E,48.6 E,yes,12/01/2002,,CM 41-01 (2002)
SSRU,CCAMLR Fishery Small Scale Research Units,486F,48.6 F,yes,12/01/2002,,CM 41-01 (2002)
SSRU,CCAMLR Fishery Small Scale Research Units,486G,48.6 G,yes,12/01/2007,,CM 41-01 (2007)
SSRU,CCAMLR Fishery Small Scale Research Units,5841A,58.4.1 A,yes,12/01/2003,,CM 41-01 (2003)
SSRU,CCAMLR Fishery Small Scale Research Units,5841B,58.4.1 B,yes,12/01/2003,,CM 41-01 (2003)
SSRU,CCAMLR Fishery Small Scale Research Units,5841C,58.4.1 C,yes,12/01/2003,,CM 41-01 (2003)
SSRU,CCAMLR Fishery Small Scale Research Units,5841D,58.4.1 D,yes,12/01/2003,,CM 41-01 (2003)
SSRU,CCAMLR Fishery Small Scale Research Units,5841E,58.4.1 E,yes,12/01/2003,,CM 41-01 (2003)
SSRU,CCAMLR Fishery Small Scale Research Units,5841F,58.4.1 F,yes,12/01/2003,,CM 41-01 (2003)
SSRU,CCAMLR Fishery Small Scale Research Units,5841G,58.4.1 G,yes,12/01/2003,,CM 41-01 (2003)
SSRU,CCAMLR Fishery Small Scale Research Units,5841H,58.4.1 H,yes,12/01/2003,,CM 41-01 (2003)
SSRU,CCAMLR Fishery Small Scale Research Units,5842A,58.4.2 A,yes,12/01/2002,,CM 41-01 (2002)
SSRU,CCAMLR Fishery Small Scale Research Units,5842B,58.4.2 B,yes,12/01/2002,,CM 41-01 (2002)
SSRU,CCAMLR Fishery Small Scale Research Units,5842C,58.4.2 C,yes,12/01/2002,,CM 41-01 (2002)
SSRU,CCAMLR Fishery Small Scale Research Units,5842D,58.4.2 D,yes,12/01/2002,,CM 41-01 (2002)
SSRU,CCAMLR Fishery Small Scale Research Units,5842E,58.4.2 E,yes,12/01/2003,,CM 41-01 (2003)
SSRU,CCAMLR Fishery Small Scale Research Units,5843aA,58.4.3a A,yes,12/01/2002,,CM 41-01 (2002)
SSRU,CCAMLR Fishery Small Scale Research Units,5843bA,58.4.3b A,yes,12/01/2008,,CM 41-01 (2008)
SSRU,CCAMLR Fishery Small Scale Research Units,5843bB,58.4.3b B,yes,12/01/2008,,CM 41-01 (2008)
SSRU,CCAMLR Fishery Small Scale Research Units,5843bC,58.4.3b C,yes,12/01/2008,,CM 41-01 (2008)
SSRU,CCAMLR Fishery Small Scale Research Units,5843bD,58.4.3b D,yes,12/01/2008,,CM 41-01 (2008)
SSRU,CCAMLR Fishery Small Scale Research Units,5843bE,58.4.3b E,yes,12/01/2008,,CM 41-01 (2008)
SSRU,CCAMLR Fishery Small Scale Research Units,5844aA,58.4.4a A,yes,12/01/2000,,CM 200/XIX
SSRU,CCAMLR Fishery Small Scale Research Units,5844aB,58.4.4a B,yes,12/01/2000,,CM 200/XIX
SSRU,CCAMLR Fishery Small Scale Research Units,5844aD,58.4.4a D,yes,12/01/2000,,CM 200/XIX
SSRU,CCAMLR Fishery Small Scale Research Units,5844bB,58.4.4b B,yes,12/01/2000,,CM 200/XIX
SSRU,CCAMLR Fishery Small Scale Research Units,586A,58.6 A,no,12/01/2000,1/12/2016,
SSRU,CCAMLR Fishery Small Scale Research Units,586B,58.6 B,yes,12/01/2000,,CM 200/XIX
SSRU,CCAMLR Fishery Small Scale Research Units,586C,58.6 C,yes,12/01/2000,,CM 200/XIX
SSRU,CCAMLR Fishery Small Scale Research Units,586D,58.6 D,yes,12/01/2000,,CM 200/XIX
SSRU,CCAMLR Fishery Small Scale Research Units,587A,58.7 A,yes,12/01/2000,,CM 200/XIX
SSRU,CCAMLR Fishery Small Scale Research Units,881A,88.1 A,yes,12/01/2003,,CM 41-01 (2003)
SSRU,CCAMLR Fishery Small Scale Research Units,881B,88.1 B,yes,12/01/2003,,CM 41-01 (2003)
SSRU,CCAMLR Fishery Small Scale Research Units,881C,88.1 C,yes,12/01/2003,,CM 41-01 (2003)
SSRU,CCAMLR Fishery Small Scale Research Units,881D,88.1 D,yes,12/01/2003,,CM 41-01 (2003)
SSRU,CCAMLR Fishery Small Scale Research Units,881E,88.1 E,yes,12/01/2003,,CM 41-01 (2003)
SSRU,CCAMLR Fishery Small Scale Research Units,881F,88.1 F,yes,12/01/2003,,CM 41-01 (2003)
SSRU,CCAMLR Fishery Small Scale Research Units,881G,88.1 G,yes,12/01/2003,,CM 41-01 (2003)
SSRU,CCAMLR Fishery Small Scale Research Units,881H,88.1 H,yes,12/01/2003,,CM 41-01 (2003)
SSRU,CCAMLR Fishery Small Scale Research Units,881I,88.1 I,yes,12/01/2003,,CM 41-01 (2003)
SSRU,CCAMLR Fishery Small Scale Research Units,881J,88.1 J,yes,12/01/2008,,CM 41-01 (2008)
SSRU,CCAMLR Fishery Small Scale Research Units,881K,88.1 K,yes,12/01/2003,,CM 41-01 (2003)
SSRU,CCAMLR Fishery Small Scale Research Units,881L,88.1 L,yes,12/01/2003,,CM 41-01 (2003)
SSRU,CCAMLR Fishery Small Scale Research Units,881M,88.1 M,yes,12/01/2008,,CM 41-01 (2008)
SSRU,CCAMLR Fishery Small Scale Research Units,882A,88.2 A,yes,12/01/2002,,CM 41-01 (2002)
SSRU,CCAMLR Fishery Small Scale Research Units,882B,88.2 B,yes,12/01/2002,,CM 41-01 (2002)
SSRU,CCAMLR Fishery Small Scale Research Units,882C,88.2 C,yes,12/01/2011,,CM 41-01 (2011)
SSRU,CCAMLR Fishery Small Scale Research Units,882D,88.2 D,yes,12/01/2011,,CM 41-01 (2011)
SSRU,CCAMLR Fishery Small Scale Research Units,882E,88.2 E,yes,12/01/2011,,CM 41-01 (2011)
SSRU,CCAMLR Fishery Small Scale Research Units,882F,88.2 F,yes,12/01/2011,,CM 41-01 (2011)
SSRU,CCAMLR Fishery Small Scale Research Units,882G,88.2 G,yes,12/01/2011,,CM 41-01 (2011)
SSRU,CCAMLR Fishery Small Scale Research Units,882H,88.2 H,yes,12/01/2011,,CM 41-01 (2011)
SSRU,CCAMLR Fishery Small Scale Research Units,882I,88.2 I,yes,12/01/2011,,CM 41-01 (2011)
SSRU,CCAMLR Fishery Small Scale Research Units,883A,88.3 A,yes,12/01/2003,,CM 41-01 (2003)
SSRU,CCAMLR Fishery Small Scale Research Units,883B,88.3 B,yes,12/01/2003,,CM 41-01 (2003)
SSRU,CCAMLR Fishery Small Scale Research Units,883C,88.3 C,yes,12/01/2003,,CM 41-01 (2003)
SSRU,CCAMLR Fishery Small Scale Research Units,883D,88.3 D,yes,12/01/2003,,CM 41-01 (2003)
SSRU,CCAMLR Fishery Small Scale Research Units,5844bC,58.4.4b C,yes,12/01/2000,,CM 200/XIX
SSRU,CCAMLR Fishery Small Scale Research Units,5844bD,58.4.4b D,yes,12/01/2000,,CM 200/XIX
SSRU,CCAMLR Fishery Small Scale Research Units,587B,58.7 B,yes,1/12/2016,,
RB,CCAMLR Fishery Research Blocks,883_8,88.3_8,no,1/12/2019,1/12/2024,WG-SAM-2019/02
RB,CCAMLR Fishery Research Blocks,883_9,88.3_9,no,1/12/2019,1/12/2024,WG-SAM-2019/02
RB,CCAMLR Fishery Research Blocks,883_10,88.3_10,no,1/12/2019,1/12/2024,WG-SAM-2019/02
RB,CCAMLR Fishery Research Blocks,481_3,48.1_3,no,1/12/2018,1/12/2020,"WG-FSA-18/20 Rev. 1, Table 1"
RB,CCAMLR Fishery Research Blocks,5842_2,58.4.2_2,yes,1/12/2021,,CM 41-05(2021)
RB,CCAMLR Fishery Research Blocks,482_S,48.2_S,no,1/12/2015,1/12/2020,
RB,CCAMLR Fishery Research Blocks,5844b_1,58.4.4b_1,no,1/12/2015,1/12/2020,
RB,CCAMLR Fishery Research Blocks,5844b_2,58.4.4b_2,no,1/12/2015,1/12/2020,
RB,CCAMLR Fishery Research Blocks,481_1,48.1_1,no,1/12/2018,1/12/2020,"WG-FSA-18/20 Rev. 1, Table 1"
RB,CCAMLR Fishery Research Blocks,883_12,88.3_12,yes,1/12/2024,,WG-FSA-IMAF-2024 table 10
RB,CCAMLR Fishery Research Blocks,883_11,88.3_11,yes,1/12/2024,,WG-FSA-IMAF-2024 table 10
RB,CCAMLR Fishery Research Blocks,481_2,48.1_2,no,1/12/2018,1/12/2020,
RB,CCAMLR Fishery Research Blocks,486_3,48.6_3,yes,1/12/2012,,CM 41-04(2012)
RB,CCAMLR Fishery Research Blocks,882_4,88.2_4,yes,1/12/2014,,CM 41-10(2014)
RB,CCAMLR Fishery Research Blocks,883_1,88.3_1,yes,1/12/2015,," WG-FSA-15 report Figure 2
"
RB,CCAMLR Fishery Research Blocks,486_2,48.6_2,yes,1/12/2012,,CM 41-04(2012)
RB,CCAMLR Fishery Research Blocks,486_4,48.6_4,yes,1/12/2015,,CM 41-04(2015)
RB,CCAMLR Fishery Research Blocks,486_5,48.6_5,yes,1/12/2013,,CM 41-04(2013)
RB,CCAMLR Fishery Research Blocks,5841_1,58.4.1_1,yes,1/12/2012,,CM 41-11(2012)
RB,CCAMLR Fishery Research Blocks,5841_2,58.4.1_2,yes,1/12/2012,,CM 41-11(2012)
RB,CCAMLR Fishery Research Blocks,5841_3,58.4.1_3,yes,1/12/2012,,CM 41-11(2012)
RB,CCAMLR Fishery Research Blocks,5841_4,58.4.1_4,yes,1/12/2012,,CM 41-11(2012)
RB,CCAMLR Fishery Research Blocks,5841_5,58.4.1_5,yes,1/12/2012,,CM 41-11(2012)
RB,CCAMLR Fishery Research Blocks,5841_6,58.4.1_6,yes,1/12/2016,,CM 41-11(2016)
RB,CCAMLR Fishery Research Blocks,5842_1,58.4.2_1,yes,1/12/2012,,CM 41-05(2012)
RB,CCAMLR Fishery Research Blocks,5843a_1,58.4.3a_1,no,1/12/2012,1/12/2020,CM 41-05(2012)
RB,CCAMLR Fishery Research Blocks,883_2,88.3_2,yes,1/12/2015,," WG-FSA-15 report Figure 2
"
RB,CCAMLR Fishery Research Blocks,883_3,88.3_3,yes,1/12/2015,,WG-FSA-15 report Figure 2
RB,CCAMLR Fishery Research Blocks,883_4,88.3_4,yes,1/12/2015,,WG-FSA-15 report Figure 2
RB,CCAMLR Fishery Research Blocks,482_N,48.2_N,no,1/12/2015,1/12/2020,
RB,CCAMLR Fishery Research Blocks,883_5,88.3_5,no,1/12/2015,1/12/2024,WG-FSA-15 report Figure 2
RB,CCAMLR Fishery Research Blocks,882_1,88.2_1,yes,1/12/2014,,CM 41-10(2014)
RB,CCAMLR Fishery Research Blocks,882_2,88.2_2,yes,1/12/2014,,CM 41-10(2014)
RB,CCAMLR Fishery Research Blocks,882_3,88.2_3,yes,1/12/2014,,CM 41-10(2014)
RB,CCAMLR Fishery Research Blocks,883_6,88.3_6,yes,1/12/2019,,WG-SAM-2019/02
RB,CCAMLR Fishery Research Blocks,883_7,88.3_7,no,1/12/2019,1/12/2024,WG-SAM-2019/02
MPAPD,CCAMLR MPA Planning Domains,2,North Scotia Arc,yes,1/12/2011,,
MPAPD,CCAMLR MPA Planning Domains,4,Bouvet-Maud,yes,1/12/2011,,
MPAPD,CCAMLR MPA Planning Domains,5,del Cano - Crozet,yes,1/12/2011,,
MPAPD,CCAMLR MPA Planning Domains,6,Kerguelen Plateau,yes,1/12/2011,,
MPAPD,CCAMLR MPA Planning Domains,8,Ross Sea,yes,1/12/2011,,
MPAPD,CCAMLR MPA Planning Domains,9,Amundsen - Bellingshausen,yes,1/12/2011,,
MPAPD,CCAMLR MPA Planning Domains,1,Western Antarctic Peninsula - South Scotia Arc,yes,1/12/2011,,
MPAPD,CCAMLR MPA Planning Domains,7,East Antarctica,yes,1/12/2011,,
MPAPD,CCAMLR MPA Planning Domains,3,Weddell Sea,yes,1/12/2011,,
SSMU,CCAMLR Fishery Small Scale Management Units,APPA,APPA,yes,1/12/2002,,
SSMU,CCAMLR Fishery Small Scale Management Units,APW,APW,yes,1/12/2002,,
SSMU,CCAMLR Fishery Small Scale Management Units,APDPW,APDPW,yes,1/12/2002,,
SSMU,CCAMLR Fishery Small Scale Management Units,APDPE,APDPE,yes,1/12/2002,,
SSMU,CCAMLR Fishery Small Scale Management Units,APBSW,APBSW,yes,1/12/2002,,
SSMU,CCAMLR Fishery Small Scale Management Units,APBSE,APBSE,yes,1/12/2002,,
SSMU,CCAMLR Fishery Small Scale Management Units,APEI,APEI,yes,1/12/2002,,
SSMU,CCAMLR Fishery Small Scale Management Units,SOPA,SOPA,yes,1/12/2002,,
SSMU,CCAMLR Fishery Small Scale Management Units,SSPA,SSPA,yes,1/12/2002,,
SSMU,CCAMLR Fishery Small Scale Management Units,SSI,SSI,yes,1/12/2002,,
SSMU,CCAMLR Fishery Small Scale Management Units,SOW,SOW,yes,1/12/2002,,
SSMU,CCAMLR Fishery Small Scale Management Units,SONE,SONE,yes,1/12/2002,,
SSMU,CCAMLR Fishery Small Scale Management Units,SOSE,SOSE,yes,1/12/2002,,
SSMU,CCAMLR Fishery Small Scale Management Units,SGPA,SGPA,yes,1/12/2002,,
SSMU,CCAMLR Fishery Small Scale Management Units,SGW,SGW,yes,1/12/2002,,
SSMU,CCAMLR Fishery Small Scale Management Units,SGE,SGE,yes,1/12/2002,,
SSMU,CCAMLR Fishery Small Scale Management Units,APE,APE,yes,1/12/2002,,
MPA,CCAMLR Marine Protected Areas,GPZi,RSR GPZi,yes,1/12/2016,,CM 91-05 (2016)
MPA,CCAMLR Marine Protected Areas,GPZii,RSR GPZii,yes,1/12/2016,,CM 91-05 (2016)
MPA,CCAMLR Marine Protected Areas,GPZiii,RSR GPZiii,yes,1/12/2016,,CM 91-05 (2016)
MPA,CCAMLR Marine Protected Areas,KRZ,RSR KRZ,yes,1/12/2016,,CM 91-05 (2016)
MPA,CCAMLR Marine Protected Areas,SRZ,RSR SRZ,yes,1/12/2016,,CM 91-05 (2016)
MPA,CCAMLR Marine Protected Areas,SOSS,SO SS,yes,1/12/2009,,CCAMLR-XXVIII paragraphs 7.1; CM 91-03
OMA,CCAMLR Other Management Areas,483A,48.3 A,yes,1/12/2017,,CM 41-02 (2015)
OMA,CCAMLR Other Management Areas,N70,RSR North 70,yes,1/12/2017,,CM 91-05 (2016) and CM 41-09 (2017)
OMA,CCAMLR Other Management Areas,S70,RSR South 70,yes,1/12/2017,,CM 91-05 (2016) and CM 41-09 (2017)
OMA,CCAMLR Other Management Areas,484_SSI,48.4_SSI,yes,1/12/2008,,CM 41-03 (2013)
OMA,CCAMLR Other Management Areas,483B,48.3 B,yes,1/12/2017,,CM 41-02 (2015)
OMA,CCAMLR Other Management Areas,483C,48.3 C,yes,1/12/2017,,CM 41-02 (2015)
OMA,CCAMLR Other Management Areas,482_E,48.2_E,no,1/12/2015,1/12/2017,
OMA,CCAMLR Other Management Areas,484_S,48.4_S,no,1/12/2015,1/12/2017,
SASS,CCAMLR Special Areas for Scientific Study,Larsen C,Larsen C,yes,12/07/2017,,
SASS,CCAMLR Special Areas for Scientific Study,SSAS_2,Pine Island Glacier (2019),no,17/05/2019,17/05/2021,
SASS,CCAMLR Special Areas for Scientific Study,SSAS_2,Pine Island Glacier (2021),no,12/06/2021,12/06/2023,
SASS,CCAMLR Special Areas for Scientific Study,SSAS_2,Pine Island Glacier (2023),no,11/08/2023,11/08/2025,
ASMA,Antarctic Specially Managed Areas with marine components,1,"Admiralty Bay, King George Island",yes,1/12/2006,,https://www.ats.aq/devph/en/apa-database/3
ASMA,Antarctic Specially Managed Areas with marine components,4,Deception Island,yes,1/12/2005,,https://www.ats.aq/devph/en/apa-database/77
ASMA,Antarctic Specially Managed Areas with marine components,7,Southwest Anvers Island and Palmer Basin,yes,1/12/2008,,https://www.ats.aq/devph/en/apa-database/81
ASPA,Antarctic Specially Protected Areas with marine component,121,"Cape Royds, Ross Island",yes,1/12/2002,,"RE VIII-4 (*)
RE X-6 
RE XII-5 
RE XIII-9 
R  7 (1995)  
D  4 (1998)  
R  1 (1998)  
M  2 (2000)  
M  1 (2002)  
M  5 (2009)  
M  2 (2014)  
M  9 (2021)  
"
ASPA,Antarctic Specially Protected Areas with marine component,145,"Port Foster, Deception Island",yes,1/12/2005,,"RE XIII-8 
RE XIV-5 (*)
R  3 (1996)  
D  4 (1998)  
R  1 (1998)  
M  2 (2000)  
M  3 (2005)  
M  10 (2023)  
"
ASPA,Antarctic Specially Protected Areas with marine component,146,"South Bay, Doumer Island",yes,1/12/2005,,"RE XIV-5 (*)
R  3 (1996)  
D  4 (1998)  
R  1 (1998)  
M  2 (2000)  
M  4 (2005)  
"
ASPA,Antarctic Specially Protected Areas with marine component,149,"Cape Shirreff, Livingston Island",yes,1/12/2005,,"RE IV-11 
RE XV-7 (*)
R  3 (1996)  
D  4 (1998)  
R  1 (1998)  
M  2 (2000)  
M  2 (2005)  
M  7 (2011)  
M  7 (2016)  
M  16 (2022)  
M  12 (2023)  
"
ASPA,Antarctic Specially Protected Areas with marine component,151,Lions Rump,yes,1/12/2000,,"RE XVI-2 (*)
D  4 (1998)  
R  1 (1998)  
M  1 (2000)  
M  11 (2013)  
M  5 (2019)  
M  8 (2024)  
"
ASPA,Antarctic Specially Protected Areas with marine component,161,Terra Nova Bay,yes,1/12/2003,,"M  2 (2003) (*) M 14 (2008)  
M  15 (2013)  
M  7 (2019)  
M  11 (2024)"
ASPA,Antarctic Specially Protected Areas with marine component,165,"Edmonson Point, Wood Bay, Victoria Land",yes,1/12/2006,,M  1 (2006) (*) M 8 (2011) M 7 (2017) M 14 (2023)
ASPA,Antarctic Specially Protected Areas with marine component,176,Rosenthal Islands,yes,1/12/2021,,M  19 (2021) (*)
ASPA,Antarctic Specially Protected Areas with marine component,178,"Inexpressible Island and Seaview Bay, Ross Sea",yes,1/12/2021,,M  21 (2021) (*)
ASPA,Antarctic Specially Protected Areas with marine component,182,Western Bransfield Strait - Site A,yes,1/12/2024,,M 17 (2024)
ASPA,Antarctic Specially Protected Areas with marine component,182,Eastern Dallman Bay - Site B,yes,1/12/2024,,M 17 (2024)
ASPA,Antarctic Specially Protected Areas with marine component,173,"Cape Washington and Silverfish Bay, Terra Nova Bay, Ross Sea",yes,1/12/2013,,"M  17 (2013) (*) 
M  9 (2019)  
M  13 (2024)"
ASPA,Antarctic Specially Protected Areas with marine component,152,Western Bransfield Strait,no,1/12/2009,1/12/2024,M 2 (2003) M 17 (2024)
ASPA,Antarctic Specially Protected Areas with marine component,153,Eastern Dallman Bay,no,1/12/2009,1/12/2024,M 2 (2003) M 17 (2024)
ASPA,Antarctic Specially Protected Areas with marine component,144,"Chile Bay (Discovery Bay), Greenwich Island",no,1/12/2004,1/12/2023,M 4 (2005) M 9 (2023)
KFMU,CCAMLR Candidate Krill Fishery Management Units,EI,EI,no,1/12/2022,1/12/2024,SC-CAMLR-41 Fig. 1
KFMU,CCAMLR Candidate Krill Fishery Management Units,SSIW,SSIW,no,1/12/2022,1/12/2024,SC-CAMLR-41 Fig. 1
KFMU,CCAMLR Candidate Krill Fishery Management Units,BS,BS,no,1/12/2022,1/12/2024,SC-CAMLR-41 Fig. 1
KFMU,CCAMLR Candidate Krill Fishery Management Units,JOIN,JOIN,no,1/12/2022,1/12/2024,SC-CAMLR-41 Fig. 1
KFMU,CCAMLR Candidate Krill Fishery Management Units,GS,GS,no,1/12/2022,1/12/2024,SC-CAMLR-41 Fig. 1
KFMU,CCAMLR Candidate Krill Fishery Management Units,DP,DP,no,1/12/2022,1/12/2024,SC-CAMLR-41 Fig. 1
KFMU,CCAMLR Candidate Krill Fishery Management Units,PB,PB,no,1/12/2022,1/12/2024,SC-CAMLR-41 Fig. 1
KFMU,CCAMLR Krill Fishery Management Units,EI,EI,yes,1/12/2024,,WG-EMM-2024 Figs. 2-8
KFMU,CCAMLR Krill Fishery Management Units,BS,BS,yes,1/12/2024,,WG-EMM-2024 Figs. 2-8
KFMU,CCAMLR Krill Fishery Management Units,JOIN,JOIN,yes,1/12/2024,,WG-EMM-2024 Figs. 2-8
KFMU,CCAMLR Krill Fishery Management Units,PB1,PB1,yes,1/12/2024,,WG-EMM-2024 Figs. 2-8
KFMU,CCAMLR Krill Fishery Management Units,PB2,PB2,yes,1/12/2024,,WG-EMM-2024 Figs. 2-8
KFMU,CCAMLR Krill Fishery Management Units,GS,GS,yes,1/12/2024,,WG-EMM-2024 Figs. 2-8
KFMU,CCAMLR Krill Fishery Management Units,SSIW,SSIW,yes,1/12/2024,,WG-EMM-2024 Figs. 2-8
KFMU,CCAMLR Krill Fishery Management Units,DP1,DP1,yes,1/12/2024,,WG-EMM-2024 Figs. 2-8
KFMU,CCAMLR Krill Fishery Management Units,DP2,DP2,yes,1/12/2024,,WG-EMM-2024 Figs. 2-8
