ID,Active_raw,Start_date,End_date,Reference
48.1,Yes,14/09/1984,,SC-CAMLR-III Appendix 2
48.2,Yes,14/09/1984,,SC-CAMLR-III Appendix 2
48.3,Yes,14/09/1984,,SC-CAMLR-III Appendix 2
48.4,Yes,14/09/1984,,SC-CAMLR-III Appendix 2
48.5,Yes,14/09/1984,,SC-CAMLR-III Appendix 2
48.6,Yes,14/09/1984,,SC-CAMLR-III Appendix 2
58.4.1,Yes,2/11/2001,,CCAMLR-XX Annex 7
58.4.2,Yes,2/11/2001,,CCAMLR-XX Annex 7
58.4.3a,Yes,2/11/2001,,CCAMLR-XX Annex 7
58.4.3b,Yes,2/11/2001,,CCAMLR-XX Annex 8
58.5.1,Yes,6/11/1987,,CCAMLR-VI paragraph 49
58.5.2,Yes,2/11/2001,,CCAMLR-XX Annex 7
88.1,Yes,13/09/1985,,SC-CAMLR-III Appendix 2
88.2,Yes,13/09/1985,,SC-CAMLR-III Appendix 2
88.3,Yes,13/09/1985,,SC-CAMLR-III Appendix 2
58.4.4a,Yes,3/11/1995,,SC-CAMLR-XIV Par 12.1
58.4.4b,Yes,3/11/1995,,SC-CAMLR-XIV Par 12.1
58.6,Yes,1/12/2016,,CCAMLR-XXXV Paragraph 12.4
58.7,Yes,1/12/2016,,CCAMLR-XXXV Paragraph 12.4
EI,Yes,1/12/2024,,WG-EMM-2024 Figs. 2-8
BS,Yes,1/12/2024,,WG-EMM-2024 Figs. 2-8
JOIN,Yes,1/12/2024,,WG-EMM-2024 Figs. 2-8
PB1,Yes,1/12/2024,,WG-EMM-2024 Figs. 2-8
PB2,Yes,1/12/2024,,WG-EMM-2024 Figs. 2-8
GS,Yes,1/12/2024,,WG-EMM-2024 Figs. 2-8
SSIW,Yes,1/12/2024,,WG-EMM-2024 Figs. 2-8
DP1,Yes,1/12/2024,,WG-EMM-2024 Figs. 2-8
DP2,Yes,1/12/2024,,WG-EMM-2024 Figs. 2-8
483A,Yes,1/12/2017,,CM 41-02 (2015)
N70,Yes,1/12/2017,,CM 91-05 (2016) and CM 41-09 (2017)
S70,Yes,1/12/2017,,CM 91-05 (2016) and CM 41-09 (2017)
484SSI,Yes,1/12/2008,,CM 41-03 (2013)
483B,Yes,1/12/2017,,CM 41-02 (2015)
483C,Yes,1/12/2017,,CM 41-02 (2015)
GPZi,Yes,1/12/2016,,CM 91-05 (2016)
GPZii,Yes,1/12/2016,,CM 91-05 (2016)
GPZiii,Yes,1/12/2016,,CM 91-05 (2016)
KRZ,Yes,1/12/2016,,CM 91-05 (2016)
SRZ,Yes,1/12/2016,,CM 91-05 (2016)
SOSS,Yes,1/12/2009,,CCAMLR-XXVIII paragraphs 7.1; CM 91-03
2,Yes,1/12/2011,,SC-CAMLR-XXX Annex 6
4,Yes,1/12/2011,,SC-CAMLR-XXX Annex 6
5,Yes,1/12/2011,,SC-CAMLR-XXX Annex 6
6,Yes,1/12/2011,,SC-CAMLR-XXX Annex 6
8,Yes,1/12/2011,,SC-CAMLR-XXX Annex 6
9,Yes,1/12/2011,,SC-CAMLR-XXX Annex 6
1,Yes,1/12/2011,,SC-CAMLR-XXX Annex 6
7,Yes,1/12/2011,,SC-CAMLR-XXX Annex 6
3,Yes,1/12/2011,,SC-CAMLR-XXX Annex 6
883_8,No,1/12/2019,1/12/2024,WG-SAM-2019/02
883_9,No,1/12/2019,1/12/2024,WG-SAM-2019/02
883_10,No,1/12/2019,1/12/2024,WG-SAM-2019/02
481_3,No,1/12/2018,1/12/2020,"WG-FSA-18/20 Rev. 1, Table 1"
5842_2,Yes,1/12/2021,,CM 41-05 (2021)
482_S,No,1/12/2015,1/12/2020,WG-FSA-16/50
5844b_1,No,1/12/2015,1/12/2020,WG-FSA-15/20
5844b_2,No,1/12/2015,1/12/2020,WG-FSA-15/20
481_1,No,1/12/2018,1/12/2020,"WG-FSA-18/20 Rev. 1, Table 1"
883_12,Yes,1/12/2024,,WG-FSA-IMAF-2024 table 10
883_11,Yes,1/12/2024,,WG-FSA-IMAF-2024 table 10
481_2,No,1/12/2018,1/12/2020,"WG-FSA-18/20 Rev. 1, Table 1"
486_3,Yes,1/12/2012,,CM 41-04 (2012)
882_4,Yes,1/12/2014,,CM 41-10 (2014)
883_1,Yes,1/12/2015,, WG-FSA-15 Figure 2
486_2,Yes,1/12/2012,,CM 41-04 (2012)
486_4,Yes,1/12/2015,,CM 41-04 (2015)
486_5,Yes,1/12/2013,,CM 41-04 (2013)
5841_1,Yes,1/12/2012,,CM 41-11 (2012)
5841_2,Yes,1/12/2012,,CM 41-11 (2012)
5841_3,Yes,1/12/2012,,CM 41-11 (2012)
5841_4,Yes,1/12/2012,,CM 41-11 (2012)
5841_5,Yes,1/12/2012,,CM 41-11 (2012)
5841_6,Yes,1/12/2016,,CM 41-11 (2016)
5842_1,Yes,1/12/2012,,CM 41-05 (2012)
5843a_1,No,1/12/2012,1/12/2020,CM 41-05 (2012)
883_2,Yes,1/12/2015,, WG-FSA-15 Figure 2
883_3,Yes,1/12/2015,, WG-FSA-15 Figure 2
883_4,Yes,1/12/2015,, WG-FSA-15 Figure 2
482_N,No,1/12/2015,1/12/2020,WG-FSA-16/50
883_5,No,1/12/2015,1/12/2024, WG-FSA-15 Figure 2
882_1,Yes,1/12/2014,,CM 41-10 (2014)
882_2,Yes,1/12/2014,,CM 41-10 (2014)
882_3,Yes,1/12/2014,,CM 41-10 (2014)
883_6,Yes,1/12/2019,,WG-SAM-2019/02
883_7,No,1/12/2019,1/12/2024,WG-SAM-2019/02
APPA,Yes,1/12/2002,,WSSMUPU-02
APW,Yes,1/12/2002,,WSSMUPU-02
APDPW,Yes,1/12/2002,,WSSMUPU-02
APDPE,Yes,1/12/2002,,WSSMUPU-02
APBSW,Yes,1/12/2002,,WSSMUPU-02
APBSE,Yes,1/12/2002,,WSSMUPU-02
APEI,Yes,1/12/2002,,WSSMUPU-02
SOPA,Yes,1/12/2002,,WSSMUPU-02
SSPA,Yes,1/12/2002,,WSSMUPU-02
SSI,Yes,1/12/2002,,WSSMUPU-02
SOW,Yes,1/12/2002,,WSSMUPU-02
SONE,Yes,1/12/2002,,WSSMUPU-02
SOSE,Yes,1/12/2002,,WSSMUPU-02
SGPA,Yes,1/12/2002,,WSSMUPU-02
SGW,Yes,1/12/2002,,WSSMUPU-02
SGE,Yes,1/12/2002,,WSSMUPU-02
APE,Yes,1/12/2002,,WSSMUPU-02
486A,Yes,12/01/2007,,CM 41-01 (2007)
486B,Yes,12/01/2002,,CM 41-01 (2002)
486C,Yes,12/01/2002,,CM 41-01 (2002)
486D,Yes,12/01/2002,,CM 41-01 (2002)
486E,Yes,12/01/2002,,CM 41-01 (2002)
486F,Yes,12/01/2002,,CM 41-01 (2002)
486G,Yes,12/01/2007,,CM 41-01 (2007)
5841A,Yes,12/01/2003,,CM 41-01 (2003)
5841B,Yes,12/01/2003,,CM 41-01 (2003)
5841C,Yes,12/01/2003,,CM 41-01 (2003)
5841D,Yes,12/01/2003,,CM 41-01 (2003)
5841E,Yes,12/01/2003,,CM 41-01 (2003)
5841F,Yes,12/01/2003,,CM 41-01 (2003)
5841G,Yes,12/01/2003,,CM 41-01 (2003)
5841H,Yes,12/01/2003,,CM 41-01 (2003)
5842A,Yes,12/01/2002,,CM 41-01 (2002)
5842B,Yes,12/01/2002,,CM 41-01 (2002)
5842C,Yes,12/01/2002,,CM 41-01 (2002)
5842D,Yes,12/01/2002,,CM 41-01 (2002)
5842E,Yes,12/01/2003,,CM 41-01 (2003)
5843aA,Yes,12/01/2002,,CM 41-01 (2002)
5843bA,Yes,12/01/2008,,CM 41-01 (2008)
5843bB,Yes,12/01/2008,,CM 41-01 (2008)
5843bC,Yes,12/01/2008,,CM 41-01 (2008)
5843bD,Yes,12/01/2008,,CM 41-01 (2008)
5843bE,Yes,12/01/2008,,CM 41-01 (2008)
5844aA,Yes,12/01/2000,,CM 200/XIX
5844aB,Yes,12/01/2000,,CM 200/XIX
5844aD,Yes,12/01/2000,,CM 200/XIX
5844bB,Yes,12/01/2000,,CM 200/XIX
586B,Yes,12/01/2000,,CM 200/XIX
586C,Yes,12/01/2000,,CM 200/XIX
586D,Yes,12/01/2000,,CM 200/XIX
587A,Yes,12/01/2000,,CM 200/XIX
881A,Yes,12/01/2003,,CM 41-01 (2003)
881B,Yes,12/01/2003,,CM 41-01 (2003)
881C,Yes,12/01/2003,,CM 41-01 (2003)
881D,Yes,12/01/2003,,CM 41-01 (2003)
881E,Yes,12/01/2003,,CM 41-01 (2003)
881F,Yes,12/01/2003,,CM 41-01 (2003)
881G,Yes,12/01/2003,,CM 41-01 (2003)
881H,Yes,12/01/2003,,CM 41-01 (2003)
881I,Yes,12/01/2003,,CM 41-01 (2003)
881J,Yes,12/01/2008,,CM 41-01 (2008)
881K,Yes,12/01/2003,,CM 41-01 (2003)
881L,Yes,12/01/2003,,CM 41-01 (2003)
881M,Yes,12/01/2008,,CM 41-01 (2008)
882A,Yes,12/01/2002,,CM 41-01 (2002)
882B,Yes,12/01/2002,,CM 41-01 (2002)
882C,Yes,12/01/2011,,CM 41-01 (2011)
882D,Yes,12/01/2011,,CM 41-01 (2011)
882E,Yes,12/01/2011,,CM 41-01 (2011)
882F,Yes,12/01/2011,,CM 41-01 (2011)
882G,Yes,12/01/2011,,CM 41-01 (2011)
882H,Yes,12/01/2011,,CM 41-01 (2011)
882I,Yes,12/01/2011,,CM 41-01 (2011)
883A,Yes,12/01/2003,,CM 41-01 (2003)
883B,Yes,12/01/2003,,CM 41-01 (2003)
883C,Yes,12/01/2003,,CM 41-01 (2003)
883D,Yes,12/01/2003,,CM 41-01 (2003)
5844bC,Yes,12/01/2000,,CM 200/XIX
5844bD,Yes,12/01/2000,,CM 200/XIX
587B,Yes,1/12/2016,,CM 200/XIX
48,Yes,1/12/1985,,SC-CAMLR-I Appendix 3
58,Yes,1/12/1985,,SC-CAMLR-I Appendix 3
88,Yes,1/12/1985,,SC-CAMLR-I Appendix 3
C.A.,Yes,7/04/1982,,CAMLR Convention Article I
CI,Yes,7/04/1982,,https://limitesmaritimes.gouv.fr/
HIMI,Yes,7/04/1982,,http://www.marineregions.org/eezdetails.php?mrgid=8388    
KI,Yes,7/04/1982,,https://limitesmaritimes.gouv.fr/
PEI,Yes,7/04/1982,,http://www.marineregions.org/eezdetails.php?mrgid=8384    
482E,No,1/12/2015,1/12/2017,WG-FSA-16/50
484S,No,1/12/2015,1/12/2017,CM 41-03 (2012)
