Latitude,Longitude,Vertex,Name
-73.55,-70,S1,48.1
-71,-70,S2,48.1
-70.9,-69.5,S3,48.1
-70.3,-69.5,S4,48.1
-70.2,-70,S5,48.1
-60,-70,P2,48.1
-60,-50,P3,48.1
-64,-50,S6,48.1
-65,-50,P4,48.1
-65,-61.07,S7,48.1
-64.7,-61.5,I2,48.1
-65.5,-63.4,I3,48.1
-67,-65.7,I4,48.1
-68,-66.2,I5,48.1
-69.09,-65.51,I6,48.1
-69.93,-67.11,I143,48.1
-71.95,-65.33,I142,48.1
-73.16,-66.44,I141,48.1
-64,-50,P1,48.2
-57,-50,P2,48.2
-57,-30,P3,48.2
-64,-30,P4,48.2
-57,-50,P1,48.3
-50,-50,P2,48.3
-50,-30,P3,48.3
-57,-30,P4,48.3
-64,-30,P1,48.4
-57,-30,S8,48.4
-50,-30,P2,48.4
-50,-20,P3,48.4
-64,-20,P4,48.4
-65,-61.07,S7,48.5
-65,-50,P2,48.5
-64,-50,P3,48.5
-64,-30,S9,48.5
-64,-20,P4,48.5
-75.98,-20,S10,48.5
-76.33,-24.93,I34,48.5
-77.68,-32.29,I33,48.5
-78.56,-34.14,I32,48.5
-78.7,-28.78,I31,48.5
-80.21,-23.5,I30,48.5
-81.55,-38.81,I29,48.5
-82.62,-41.07,I28,48.5
-82.97,-44.86,I27,48.5
-82.45,-50.06,I26,48.5
-83.92,-59.37,I25,48.5
-83.59,-65.29,I24,48.5
-82.84,-65.91,I23,48.5
-82.4,-69.37,I22,48.5
-81.66,-68.68,I21,48.5
-81.2,-77.61,I20,48.5
-78.59,-86.02,I19,48.5
-77.95,-85.3,I18,48.5
-77.32,-81.92,I17,48.5
-77.44,-78.27,I16,48.5
-76.22,-80.28,I15,48.5
-75.73,-79.27,I14,48.5
-76.26,-71.9,I13,48.5
-75.4,-66.17,I12,48.5
-74.07,-63.46,I11,48.5
-72.65,-62.88,I10,48.5
-71.9,-63.91,I9,48.5
-71.26,-62.92,I8,48.5
-69.72,-63.8,I7,48.5
-69.09,-65.51,I6,48.5
-68,-66.2,I5,48.5
-67,-65.7,I4,48.5
-65.5,-63.4,I3,48.5
-64.7,-61.5,I2,48.5
-75.98,-20,S10,48.6
-64,-20,S11,48.6
-50,-20,P2,48.6
-50,30,P3,48.6
-62,30,S12,48.6
-70.9,30,S13,48.6
-71.43,27.55,I49,48.6
-71.2,21.89,I48,48.6
-71.37,19.12,I47,48.6
-70.78,15.48,I46,48.6
-70.78,13.41,I45,48.6
-71.24,11.88,I44,48.6
-70.84,9.33,I43,48.6
-71.33,2.95,I42,48.6
-72.3,-0.41,I41,48.6
-71.8,-4.61,I40,48.6
-72.09,-9.55,I39,48.6
-73.53,-13.27,I38,48.6
-74.08,-12.94,I37,48.6
-74.85,-16.23,I36,48.6
-75.79,-17.28,I35,48.6
-73.55,-70,S1,48
-71,-70,S2,48
-70.9,-69.5,S3,48
-70.3,-69.5,S4,48
-70.2,-70,S5,48
-60,-70,P2,48
-60,-50,P3,48
-57,-50,S14,48
-50,-50,P4,48
-50,-30,S15,48
-50,-20,S16,48
-50,30,P5,48
-62,30,S12,48
-70.9,30,S13,48
-71.43,27.55,I49,48
-71.2,21.89,I48,48
-71.37,19.12,I47,48
-70.78,15.48,I46,48
-70.78,13.41,I45,48
-71.24,11.88,I44,48
-70.84,9.33,I43,48
-71.33,2.95,I42,48
-72.3,-0.41,I41,48
-71.8,-4.61,I40,48
-72.09,-9.55,I39,48
-73.53,-13.27,I38,48
-74.08,-12.94,I37,48
-74.85,-16.23,I36,48
-75.79,-17.28,I35,48
-76.33,-24.93,I34,48
-77.68,-32.29,I33,48
-78.56,-34.14,I32,48
-78.7,-28.78,I31,48
-80.21,-23.5,I30,48
-81.55,-38.81,I29,48
-82.62,-41.07,I28,48
-82.97,-44.86,I27,48
-82.45,-50.06,I26,48
-83.92,-59.37,I25,48
-83.59,-65.29,I24,48
-82.84,-65.91,I23,48
-82.4,-69.37,I22,48
-81.66,-68.68,I21,48
-81.2,-77.61,I20,48
-78.59,-86.02,I19,48
-77.95,-85.3,I18,48
-77.32,-81.92,I17,48
-77.44,-78.27,I16,48
-76.22,-80.28,I15,48
-75.73,-79.27,I14,48
-76.26,-71.9,I13,48
-75.4,-66.17,I12,48
-74.07,-63.46,I11,48
-72.65,-62.88,I10,48
-71.9,-63.91,I9,48
-71.26,-62.92,I8,48
-69.72,-63.8,I7,48
-69.09,-65.51,I6,48
-69.93,-67.11,I143,48
-71.95,-65.33,I142,48
-73.16,-66.44,I141,48
-69.02,150,S17,88.1
-60,150,P2,88.1
-60,179.999999,S18,88.1
-60,-179.999999,S19,88.1
-60,-170,P3,88.1
-85.17,-170,S20,88.1
-84.98,-172.43,I114,88.1
-84.54,-179.999999,S21,88.1
-84.54,179.999999,S22,88.1
-83.67,165.19,I113,88.1
-83.01,163.49,I112,88.1
-82.58,156.7,I111,88.1
-81.92,158.94,I110,88.1
-80.3,155.49,I109,88.1
-78.39,159.33,I108,88.1
-77.98,161.89,I107,88.1
-77.03,160.09,I106,88.1
-75.88,160.63,I105,88.1
-75.26,158.91,I104,88.1
-72.71,165.39,I103,88.1
-71.91,168.43,I102,88.1
-71.66,167.9,I101,88.1
-71.07,164.89,I100,88.1
-71.66,162.99,I99,88.1
-71.62,161.43,I98,88.1
-69.96,158.81,I97,88.1
-69.26,154.25,I96,88.1
-85.17,-170,S20,88.2
-60,-170,P2,88.2
-60,-105,P3,88.2
-75.63,-105,S23,88.2
-75.5,-114.78,I132,88.2
-74.97,-116.05,I131,88.2
-75.32,-134.69,I130,88.2
-75.59,-138.53,I129,88.2
-76.23,-139.98,I128,88.2
-76.24,-143.66,I127,88.2
-77.92,-144.43,I126,88.2
-78.27,-149.89,I125,88.2
-77.97,-152.69,I124,88.2
-78.63,-152.36,I123,88.2
-79.68,-145.17,I122,88.2
-81.06,-144.89,I121,88.2
-81.59,-150.78,I120,88.2
-82.71,-149.31,I119,88.2
-84,-159.38,I118,88.2
-84.62,-146.71,I117,88.2
-85.55,-145.09,I116,88.2
-85.79,-162.01,I115,88.2
-75.63,-105,S23,88.3
-60,-105,P2,88.3
-60,-70,P3,88.3
-70.2,-70,S5,88.3
-70.3,-69.5,S4,88.3
-70.9,-69.5,S3,88.3
-71,-70,S2,88.3
-73.55,-70,S1,88.3
-74.29,-76.71,I140,88.3
-73.95,-79.83,I139,88.3
-74.34,-82.21,I138,88.3
-73.61,-89.43,I137,88.3
-73.67,-97.45,I136,88.3
-74.13,-98.99,I135,88.3
-75.1,-97.42,I134,88.3
-75.72,-98.43,I133,88.3
-69.02,150,S17,88
-60,150,P2,88
-60,179.999999,S18,88
-60,-179.999999,S19,88
-60,-170,S24,88
-60,-105,S25,88
-60,-70,P3,88
-70.2,-70,S5,88
-70.3,-69.5,S4,88
-70.9,-69.5,S3,88
-71,-70,S2,88
-73.55,-70,S1,88
-74.29,-76.71,I140,88
-73.95,-79.83,I139,88
-74.34,-82.21,I138,88
-73.61,-89.43,I137,88
-73.67,-97.45,I136,88
-74.13,-98.99,I135,88
-75.1,-97.42,I134,88
-75.72,-98.43,I133,88
-75.5,-114.78,I132,88
-74.97,-116.05,I131,88
-75.32,-134.69,I130,88
-75.59,-138.53,I129,88
-76.23,-139.98,I128,88
-76.24,-143.66,I127,88
-77.92,-144.43,I126,88
-78.27,-149.89,I125,88
-77.97,-152.69,I124,88
-78.63,-152.36,I123,88
-79.68,-145.17,I122,88
-81.06,-144.89,I121,88
-81.59,-150.78,I120,88
-82.71,-149.31,I119,88
-84,-159.38,I118,88
-84.62,-146.71,I117,88
-85.55,-145.09,I116,88
-85.79,-162.01,I115,88
-84.98,-172.43,I114,88
-84.54,-179.999999,S21,88
-84.54,179.999999,S22,88
-83.67,165.19,I113,88
-83.01,163.49,I112,88
-82.58,156.7,I111,88
-81.92,158.94,I110,88
-80.3,155.49,I109,88
-78.39,159.33,I108,88
-77.98,161.89,I107,88
-77.03,160.09,I106,88
-75.88,160.63,I105,88
-75.26,158.91,I104,88
-72.71,165.39,I103,88
-71.91,168.43,I102,88
-71.66,167.9,I101,88
-71.07,164.89,I100,88
-71.66,162.99,I99,88
-71.62,161.43,I98,88
-69.96,158.81,I97,88
-69.26,154.25,I96,88
-68.49,80,S26,58.4.1
-64,80,P2,58.4.1
-64,86,P3,58.4.1
-55,86,P4,58.4.1
-55,150,P5,58.4.1
-60,150,S27,58.4.1
-69.02,150,S17,58.4.1
-68.84,146.82,I95,58.4.1
-68.17,145.31,I94,58.4.1
-68.34,143.47,I93,58.4.1
-67.47,143.02,I92,58.4.1
-67.04,138.94,I91,58.4.1
-66.68,130.91,I90,58.4.1
-67.59,129.43,I89,58.4.1
-67.57,126.7,I88,58.4.1
-67.07,125.72,I87,58.4.1
-67.94,113.34,I86,58.4.1
-67.52,112.5,I85,58.4.1
-66.81,113.47,I84,58.4.1
-66.28,112.95,I83,58.4.1
-66.39,111.82,I82,58.4.1
-67.1,111.35,I81,58.4.1
-67.44,108.94,I80,58.4.1
-66.37,102.82,I79,58.4.1
-67.35,99.13,I78,58.4.1
-67.03,97.08,I77,58.4.1
-67.03,91.92,I76,58.4.1
-67.61,84.91,I75,58.4.1
-70.9,30,S13,58.4.2
-62,30,P2,58.4.2
-62,43,S28,58.4.2
-62,60,S29,58.4.2
-62,73.166667,P3,58.4.2
-64,73.166667,P4,58.4.2
-64,80,P5,58.4.2
-68.49,80,S26,58.4.2
-68.54,79.75,I74,58.4.2
-70.25,76.44,I73,58.4.2
-70.38,74.08,I72,58.4.2
-71.87,72.71,I71,58.4.2
-72.86,69.61,I70,58.4.2
-73.47,69.06,I69,58.4.2
-73.76,66.77,I68,58.4.2
-73.17,65.26,I67,58.4.2
-71.06,67.06,I66,58.4.2
-70.05,66.23,I65,58.4.2
-68.35,68.56,I64,58.4.2
-67.98,63.6,I63,58.4.2
-68.04,59.3,I62,58.4.2
-67.6,57.25,I61,58.4.2
-67.88,55.74,I60,58.4.2
-67.39,54.55,I59,58.4.2
-66.37,54.81,I58,58.4.2
-66.45,52.32,I57,58.4.2
-67.38,51.9,I56,58.4.2
-67.69,50.27,I55,58.4.2
-68.43,49.08,I54,58.4.2
-68.2,46.1,I53,58.4.2
-69.19,41.06,I52,58.4.2
-70.62,39.52,I51,58.4.2
-70,34.15,I50,58.4.2
-56,60,P1,58.4.3a
-56,73.166667,P2,58.4.3a
-62,73.166667,P3,58.4.3a
-62,60,P4,58.4.3a
-56,73.166667,P1,58.4.3b
-56,80,P2,58.4.3b
-55,80,P3,58.4.3b
-55,86,P4,58.4.3b
-64,86,P5,58.4.3b
-64,80,S30,58.4.3b
-64,73.166667,P6,58.4.3b
-62,73.166667,S31,58.4.3b
-62,30,P1,58.4.4a
-50,30,P2,58.4.4a
-50,43,P3,58.4.4a
-62,43,P4,58.4.4a
-62,43,P1,58.4.4b
-50,43,P2,58.4.4b
-50,44,S32,58.4.4b
-50,60,P3,58.4.4b
-53.233333,60,S33,58.4.4b
-56,60,S34,58.4.4b
-62,60,P4,58.4.4b
-45,44,P1,58.6
-45,60,P2,58.6
-50,60,P3,58.6
-50,44,P4,58.6
-45,30,P1,58.7
-45,44,P2,58.7
-50,44,P3,58.7
-50,43,S35,58.7
-50,30,P4,58.7
-56,60,P1,58.5.2
-53.233333,60,P2,58.5.2
-53.235278,67.055556,S36,58.5.2
-52.707778,68.091944,S37,58.5.2
-51.971667,69.733889,S38,58.5.2
-51.408889,71.208056,S39,58.5.2
-51.0525,72.474444,S40,58.5.2
-50.906389,72.8225,S41,58.5.2
-49.826111,75.602222,S42,58.5.2
-49.401944,76.704722,S43,58.5.2
-49.4,80,P3,58.5.2
-55,80,S44,58.5.2
-56,80,P4,58.5.2
-56,73.166667,S45,58.5.2
-53.233333,60,P1,58.5.1
-50,60,S46,58.5.1
-45,60,P2,58.5.1
-45,80,P3,58.5.1
-49.4,80,P4,58.5.1
-49.401944,76.704722,S43,58.5.1
-49.826111,75.602222,S42,58.5.1
-50.906389,72.8225,S41,58.5.1
-51.0525,72.474444,S40,58.5.1
-51.408889,71.208056,S39,58.5.1
-51.971667,69.733889,S38,58.5.1
-52.707778,68.091944,S37,58.5.1
-53.235278,67.055556,S36,58.5.1
-70.9,30,S13,58
-62,30,S12,58
-50,30,S47,58
-45,30,P2,58
-45,44,S48,58
-45,60,S49,58
-45,80,P3,58
-49.4,80,S50,58
-55,80,P4,58
-55,86,S51,58
-55,150,P5,58
-60,150,S27,58
-69.02,150,S17,58
-68.84,146.82,I95,58
-68.17,145.31,I94,58
-68.34,143.47,I93,58
-67.47,143.02,I92,58
-67.04,138.94,I91,58
-66.68,130.91,I90,58
-67.59,129.43,I89,58
-67.57,126.7,I88,58
-67.07,125.72,I87,58
-67.94,113.34,I86,58
-67.52,112.5,I85,58
-66.81,113.47,I84,58
-66.28,112.95,I83,58
-66.39,111.82,I82,58
-67.1,111.35,I81,58
-67.44,108.94,I80,58
-66.37,102.82,I79,58
-67.35,99.13,I78,58
-67.03,97.08,I77,58
-67.03,91.92,I76,58
-67.61,84.91,I75,58
-68.54,79.75,I74,58
-70.25,76.44,I73,58
-70.38,74.08,I72,58
-71.87,72.71,I71,58
-72.86,69.61,I70,58
-73.47,69.06,I69,58
-73.76,66.77,I68,58
-73.17,65.26,I67,58
-71.06,67.06,I66,58
-70.05,66.23,I65,58
-68.35,68.56,I64,58
-67.98,63.6,I63,58
-68.04,59.3,I62,58
-67.6,57.25,I61,58
-67.88,55.74,I60,58
-67.39,54.55,I59,58
-66.37,54.81,I58,58
-66.45,52.32,I57,58
-67.38,51.9,I56,58
-67.69,50.27,I55,58
-68.43,49.08,I54,58
-68.2,46.1,I53,58
-69.19,41.06,I52,58
-70.62,39.52,I51,58
-70,34.15,I50,58
-50,-50,P1,C.A.
-50,-30,S15,C.A.
-50,-20,S16,C.A.
-50,30,P2,C.A.
-45,30,P3,C.A.
-45,44,S48,C.A.
-45,60,S49,C.A.
-45,80,P4,C.A.
-49.4,80,S50,C.A.
-55,80,P5,C.A.
-55,86,S51,C.A.
-55,150,P6,C.A.
-60,150,P7,C.A.
-60,179.999999,S18,C.A.
-60,-179.999999,S19,C.A.
-60,-170,S24,C.A.
-60,-105,S25,C.A.
-60,-70,S52,C.A.
-60,-50,P8,C.A.
-57,-50,S14,C.A.
-50,-20,P1,486A
-50,1.5,P2,486A
-60,1.5,P3,486A
-60,-20,P4,486A
-60,-20,P1,486B
-60,-10,P2,486B
-72.26,-10,S53,486B
-73.53,-13.27,I38,486B
-74.08,-12.94,I37,486B
-74.85,-16.23,I36,486B
-75.79,-17.28,I35,486B
-75.98,-20,S10,486B
-60,-10,P1,486C
-60,0,P2,486C
-72.18,0,S54,486C
-72.3,-0.41,I41,486C
-71.8,-4.61,I40,486C
-72.09,-9.55,I39,486C
-72.26,-10,S53,486C
-60,0,P1,486D
-60,10,P2,486D
-70.95,10,S55,486D
-70.84,9.33,I43,486D
-71.33,2.95,I42,486D
-72.18,0,S54,486D
-60,10,P1,486E
-60,20,P2,486E
-71.32,20,S56,486E
-71.37,19.12,I47,486E
-70.78,15.48,I46,486E
-70.78,13.41,I45,486E
-71.24,11.88,I44,486E
-70.95,10,S55,486E
-60,20,P1,486F
-60,30,P2,486F
-70.9,30,S13,486F
-71.43,27.55,I49,486F
-71.2,21.89,I48,486F
-71.32,20,S56,486F
-50,1.5,P1,486G
-50,30,P2,486G
-60,30,P3,486G
-60,1.5,P4,486G
-55,86,P1,5841A
-55,150,P2,5841A
-60,150,P3,5841A
-60,86,P4,5841A
-60,86,P1,5841B
-60,90,P2,5841B
-67.19,90,S57,5841B
-67.61,84.91,I75,5841B
-68.49,80,S26,5841B
-64,80,P5,5841B
-64,86,P6,5841B
-60,90,P1,5841C
-60,100,P2,5841C
-67.12,100,S58,5841C
-67.35,99.13,I78,5841C
-67.03,97.08,I77,5841C
-67.03,91.92,I76,5841C
-67.19,90,S57,5841C
-60,100,P1,5841D
-60,110,P2,5841D
-67.29,110,S59,5841D
-67.44,108.94,I80,5841D
-66.37,102.82,I79,5841D
-67.12,100,S58,5841D
-60,110,P1,5841E
-60,120,P2,5841E
-67.47,120,S60,5841E
-67.94,113.34,I86,5841E
-67.52,112.5,I85,5841E
-66.81,113.47,I84,5841E
-66.28,112.95,I83,5841E
-66.39,111.82,I82,5841E
-67.1,111.35,I81,5841E
-67.29,110,S59,5841E
-60,120,P1,5841F
-60,130,P2,5841F
-67.24,130,S61,5841F
-67.59,129.43,I89,5841F
-67.57,126.7,I88,5841F
-67.07,125.72,I87,5841F
-67.47,120,S60,5841F
-60,130,P1,5841G
-60,140,P2,5841G
-67.15,140,S62,5841G
-67.04,138.94,I91,5841G
-66.68,130.91,I90,5841G
-67.24,130,S61,5841G
-60,140,P1,5841H
-60,150,P2,5841H
-69.02,150,S17,5841H
-68.84,146.82,I95,5841H
-68.17,145.31,I94,5841H
-68.34,143.47,I93,5841H
-67.47,143.02,I92,5841H
-67.15,140,S62,5841H
-62,30,P1,5842A
-62,40,P2,5842A
-70.17,40,S63,5842A
-70.62,39.52,I51,5842A
-70,34.15,I50,5842A
-70.9,30,S13,5842A
-62,40,P1,5842B
-62,50,P2,5842B
-67.86,50,S64,5842B
-68.43,49.08,I54,5842B
-68.2,46.1,I53,5842B
-69.19,41.06,I52,5842B
-70.17,40,S63,5842B
-62,50,P1,5842C
-62,60,P2,5842C
-68.03,60,S65,5842C
-68.04,59.3,I62,5842C
-67.6,57.25,I61,5842C
-67.88,55.74,I60,5842C
-67.39,54.55,I59,5842C
-66.37,54.81,I58,5842C
-66.45,52.32,I57,5842C
-67.38,51.9,I56,5842C
-67.86,50,S64,5842C
-62,60,P1,5842D
-62,70,P2,5842D
-72.74,70,S66,5842D
-72.86,69.61,I70,5842D
-73.47,69.06,I69,5842D
-73.76,66.77,I68,5842D
-73.17,65.26,I67,5842D
-71.06,67.06,I66,5842D
-70.05,66.23,I65,5842D
-68.35,68.56,I64,5842D
-67.98,63.6,I63,5842D
-68.03,60,S65,5842D
-62,70,P1,5842E
-62,73.16666667,P2,5842E
-64,73.16666667,P3,5842E
-64,80,P4,5842E
-68.49,80,S67,5842E
-68.54,79.75,I74,5842E
-70.25,76.44,I73,5842E
-70.38,74.08,I72,5842E
-71.87,72.71,I71,5842E
-72.74,70,S66,5842E
-56,60,P1,5843aA
-56,73.16666667,P2,5843aA
-62,73.16666667,P3,5843aA
-62,60,P4,5843aA
-56,73.16666667,P1,5843bA
-56,79,P2,5843bA
-59,79,P3,5843bA
-59,73.16666667,P4,5843bA
-60,73.16666667,P1,5843bB
-60,86,P2,5843bB
-64,86,P3,5843bB
-64,73.16666667,P4,5843bB
-59,73.16666667,P1,5843bC
-59,79,P2,5843bC
-60,79,P3,5843bC
-60,73.16666667,P4,5843bC
-59,79,P1,5843bD
-59,86,P2,5843bD
-60,86,P3,5843bD
-60,79,P4,5843bD
-56,79,P1,5843bE
-56,80,P2,5843bE
-55,80,P3,5843bE
-55,86,P4,5843bE
-59,86,P5,5843bE
-59,79,P6,5843bE
-51,40,P1,5844aA
-51,42,P2,5844aA
-54,42,P3,5844aA
-54,40,P4,5844aA
-51,42,P1,5844aB
-51,43,P2,5844aB
-54,43,P3,5844aB
-54,42,P4,5844aB
-50,30,P1,5844aD
-50,43,P2,5844aD
-62,43,P3,5844aD
-62,30,P4,5844aD
-51,43,P1,5844bB
-51,46,P2,5844bB
-54,46,P3,5844bB
-54,43,P4,5844bB
-51,46,P1,5844bC
-51,50,P2,5844bC
-54,50,P3,5844bC
-54,46,P4,5844bC
-50,43,P1,5844bD
-50,60,P2,5844bD
-62,60,P3,5844bD
-62,43,P4,5844bD
-45,44,P1,586B
-45,48,P2,586B
-48,48,P3,586B
-48,44,P4,586B
-45,48,P1,586C
-45,51,P2,586C
-48,51,P3,586C
-48,48,P4,586C
-45,51,P1,586D
-45,54,P2,586D
-48,54,P3,586D
-48,51,P4,586D
-45,37,P1,587A
-45,40,P2,587A
-48,40,P3,587A
-48,37,P4,587A
-45,40,P1,587B
-45,44,P2,587B
-48,44,P3,587B
-48,40,P4,587B
-60,150,P1,881A
-60,170,P2,881A
-65,170,P3,881A
-65,150,P4,881A
-60,170,P1,881B
-60,179,P2,881B
-66.66666667,179,P3,881B
-66.66666667,170,P4,881B
-60,179,P1,881C
-60,-170,P2,881C
-70,-170,P3,881C
-70,-178,P4,881C
-66.66666667,-178,P5,881C
-66.66666667,179,P6,881C
-65,150,P1,881D
-65,160,P2,881D
-70.71,160,S68,881D
-69.96,158.81,I97,881D
-69.26,154.25,I96,881D
-69.02,150,S17,881D
-65,160,P1,881E
-65,170,P2,881E
-68.5,170,P3,881E
-68.5,160,P4,881E
-68.5,160,P1,881F
-68.5,170,P2,881F
-73,170,P3,881F
-73,164.65,S69,881F
-72.71,165.39,I103,881F
-71.91,168.43,I102,881F
-71.66,167.9,I101,881F
-71.07,164.89,I100,881F
-71.66,162.99,I99,881F
-71.62,161.43,I98,881F
-70.71,160,S68,881F
-66.66666667,170,P1,881G
-66.66666667,-178,P2,881G
-70,-178,P3,881G
-70,178.8333333,P4,881G
-70.83333333,178.8333333,P5,881G
-70.83333333,170,P6,881G
-70.83333333,170,P1,881H
-70.83333333,178.8333333,P2,881H
-73,178.8333333,P3,881H
-73,170,P4,881H
-70,178.8333333,P1,881I
-70,-170,P2,881I
-73,-170,P3,881I
-73,178.8333333,P4,881I
-73,170,P1,881J
-73,178.8333333,P2,881J
-80,178.8333333,P3,881J
-80,170,P4,881J
-73,178.8333333,P1,881K
-73,-170,P2,881K
-76,-170,P3,881K
-76,178.8333333,P4,881K
-76,178.8333333,P1,881L
-76,-170,P2,881L
-80,-170,P3,881L
-80,178.8333333,P4,881L
-73,170,P2,881M
-80,170,P3,881M
-80,156.09,S70,881M
-78.39,159.33,I108,881M
-77.98,161.89,I107,881M
-77.03,160.09,I106,881M
-75.88,160.63,I105,881M
-75.26,158.91,I104,881M
-73,164.65,S69,881M
-60,-170,P1,882A
-60,-160,P2,882A
-84,-160,P3,882A
-84,-170,P4,882A
-60,-160,P1,882B
-60,-150,P2,882B
-78.26,-150,S71,882B
-77.97,-152.69,I124,882B
-78.63,-152.36,I123,882B
-79.68,-145.17,I122,882B
-81.06,-144.89,I121,882B
-81.59,-150.78,I120,882B
-82.71,-149.31,I119,882B
-84,-159.38,I118,882B
-84,-160,P4,882B
-70.83333333,-150,P1,882C
-70.83333333,-140,P2,882C
-76.23,-140,S72,882C
-76.24,-143.66,I127,882C
-77.92,-144.43,I126,882C
-78.27,-149.89,I125,882C
-78.26,-150,S71,882C
-70.83333333,-140,P1,882D
-70.83333333,-130,P2,882D
-75.23,-130,S75,882D
-75.32,-134.69,I130,882D
-75.59,-138.53,I129,882D
-76.23,-139.98,I128,882D
-76.23,-140,S72,882D
-70.83333333,-130,P1,882E
-70.83333333,-120,P2,882E
-75.04,-120,S76,882E
-75.23,-130,S75,882E
-70.83333333,-120,P1,882F
-70.83333333,-110,P2,882F
-75.56,-110,S77,882F
-75.5,-114.78,I132,882F
-74.97,-116.05,I131,882F
-75.04,-120,S76,882F
-70.83333333,-110,P1,882G
-70.83333333,-105,P2,882G
-75.63,-105,S23,882G
-75.56,-110,S77,882G
-65,-150,P1,882H
-65,-105,P2,882H
-70.83333333,-105,P3,882H
-70.83333333,-150,P4,882H
-60,-150,P1,882I
-60,-105,P2,882I
-65,-105,P3,882I
-65,-150,P4,882I
-60,-105,P1,883A
-60,-95,P2,883A
-73.65,-95,S78,883A
-73.67,-97.45,I136,883A
-74.13,-98.99,I135,883A
-75.1,-97.42,I134,883A
-75.72,-98.43,I133,883A
-75.63,-105,S23,883A
-60,-95,P1,883B
-60,-85,P2,883B
-74.06,-85,S79,883B
-73.61,-89.43,I137,883B
-73.65,-95,S78,883B
-60,-85,P1,883C
-60,-75,P2,883C
-74.1,-75,S80,883C
-74.29,-76.71,I140,883C
-73.95,-79.83,I139,883C
-74.34,-82.21,I138,883C
-74.06,-85,S79,883C
-60,-75,P1,883D
-60,-70,P2,883D
-70.2,-70,S5,883D
-70.3,-69.5,S4,883D
-70.9,-69.5,S3,883D
-71,-70,S2,883D
-73.55,-70,S1,883D
-74.1,-75,S80,883D
-62,-55,P1,481_1
-62,-50,P2,481_1
-62.666667,-50,P3,481_1
-62.666667,-55,P4,481_1
-62.666667,-55,P1,481_2
-62.666667,-50,P2,481_2
-64,-50,P3,481_2
-64,-55,P4,481_2
-64,-55,P1,481_3
-64,-50,P2,481_3
-65,-50,P3,481_3
-65,-55,P4,481_3
-57.666667,-37,P1,482_N
-58.166667,-34,P2,482_N
-60.166667,-34,P3,482_N
-60.5,-35,P4,482_N
-61,-35.333,P5,482_N
-60.833333,-35.5,P6,482_N
-61.666667,-37.667,P7,482_N
-60.833333,-38.5,P8,482_N
-61.166667,-39.417,P1,482_S
-61.666667,-37.667,P2,482_S
-60.833333,-35.5,P3,482_S
-61,-35.333,P4,482_S
-60.5,-35,P5,482_S
-60.166667,-34,P6,482_S
-62.5,-34,P7,482_S
-62.5,-39.417,P8,482_S
-54,1,P1,486_2
-55,1,P2,486_2
-55,2,P3,486_2
-55.5,2,P4,486_2
-55.5,4,P5,486_2
-56.5,4,P6,486_2
-56.5,7,P7,486_2
-56,7,P8,486_2
-56,8,P9,486_2
-54,8,P10,486_2
-54,9,P11,486_2
-53,9,P12,486_2
-53,3,P13,486_2
-53.5,3,P14,486_2
-53.5,2,P15,486_2
-54,2,P16,486_2
-64.5,1,P1,486_3
-66,1,P2,486_3
-66,4,P3,486_3
-65,4,P4,486_3
-65,7,P5,486_3
-64.5,7,P6,486_3
-68.333333,10,P1,486_4
-68.333333,13,P2,486_4
-69.5,13,P3,486_4
-69.5,10,P4,486_4
-69.75,10,P5,486_4
-69.75,6,P6,486_4
-69,6,P7,486_4
-69,10,P8,486_4
-71,-15,P1,486_5
-71,-13,P2,486_5
-70.5,-13,P3,486_5
-70.5,-11,P4,486_5
-70.5,-10,P5,486_5
-69.5,-10,P6,486_5
-69.5,-9,P7,486_5
-70,-9,P8,486_5
-70,-8,P9,486_5
-69.5,-8,P10,486_5
-69.5,-7,P11,486_5
-70.5,-7,P12,486_5
-70.5,-10,P13,486_5
-71,-10,P14,486_5
-71,-11,P15,486_5
-71.5,-11,P16,486_5
-71.5,-15,P17,486_5
-64.5,90,P1,5841_1
-66,90,P2,5841_1
-66,94,P3,5841_1
-65.5,94,P4,5841_1
-65.5,95,P5,5841_1
-64,95,P6,5841_1
-64,92,P7,5841_1
-64.5,92,P8,5841_1
-62.5,96,P1,5841_2
-64,96,P2,5841_2
-64,97,P3,5841_2
-65,97,P4,5841_2
-65,100,P5,5841_2
-62.5,100,P6,5841_2
-64,112,P1,5841_3
-66,112,P2,5841_3
-66,115,P3,5841_3
-64,115,P4,5841_3
-64.5,118,P1,5841_4
-66,118,P2,5841_4
-66,120,P3,5841_4
-64.5,120,P4,5841_4
-64.5,137,P1,5841_5
-66,137,P2,5841_5
-66,138,P3,5841_5
-66.5,138,P4,5841_5
-66.5,140,P5,5841_5
-64.5,140,P6,5841_5
-64,130,P1,5841_6
-65.5,130,P2,5841_6
-65.5,134,P3,5841_6
-64,134,P4,5841_6
-66,70,P1,5842_1
-67.5,70,P2,5842_1
-67.5,76,P3,5842_1
-66,76,P4,5842_1
-65,50,P1,5842_2
-66.5,50,P2,5842_2
-66.5,58,P3,5842_2
-65,58,P4,5842_2
-56,65,P1,5843a_1
-57.5,65,P2,5843a_1
-57.5,73,P3,5843a_1
-56,73,P4,5843a_1
-52.77083333,48.04166667,P1,5844b_1
-52.89583333,48.04166667,P2,5844b_1
-52.89583333,47.79166667,P3,5844b_1
-53.89583333,47.79166667,P4,5844b_1
-53.89583333,48.29166667,P5,5844b_1
-53.77083333,48.29166667,P6,5844b_1
-53.77083333,48.54166667,P7,5844b_1
-53.64583333,48.54166667,P8,5844b_1
-53.64583333,49.29166667,P9,5844b_1
-53.39583333,49.29166667,P10,5844b_1
-53.39583333,48.29166667,P11,5844b_1
-53.14583333,48.29166667,P12,5844b_1
-53.14583333,48.79166667,P13,5844b_1
-52.89583333,48.79166667,P14,5844b_1
-52.89583333,48.54166667,P15,5844b_1
-52.77083333,48.54166667,P16,5844b_1
-54.35416667,49.375,P1,5844b_2
-54.60416667,49.375,P2,5844b_2
-54.60416667,51.625,P3,5844b_2
-54.47916667,51.625,P4,5844b_2
-54.47916667,51.875,P5,5844b_2
-54.22916667,51.875,P6,5844b_2
-54.22916667,52.125,P7,5844b_2
-53.97916667,52.125,P8,5844b_2
-53.97916667,51.125,P9,5844b_2
-54.10416667,51.125,P10,5844b_2
-54.10416667,50.875,P11,5844b_2
-54.22916667,50.875,P12,5844b_2
-54.22916667,50.625,P13,5844b_2
-54.35416667,50.625,P14,5844b_2
-73.8,-108,P1,882_1
-73.8,-105,P2,882_1
-75,-105,P3,882_1
-75,-108,P4,882_1
-73.3,-119,P1,882_2
-73.3,-111.5,P2,882_2
-74.2,-111.5,P3,882_2
-74.2,-119,P4,882_2
-72.2,-122,P1,882_3
-70.833333,-115,P2,882_3
-71.7,-115,P3,882_3
-73.2,-122,P4,882_3
-72.6,-140,P1,882_4
-72.6,-128,P2,882_4
-74.7,-128,P3,882_4
-74.7,-140,P4,882_4
-70.5,-105,P1,883_1
-70.5,-102,P2,883_1
-71.5,-102,P3,883_1
-71.5,-105,P4,883_1
-72.5,-105,P1,883_2
-72.5,-103,P2,883_2
-74,-103,P3,883_2
-74,-102,P4,883_2
-75,-102,P5,883_2
-75,-105,P6,883_2
-73.8,-105,S81,883_2
-69,-90,P1,883_3
-69,-85,P2,883_3
-70.5,-85,P3,883_3
-70.5,-86,P4,883_3
-71,-86,P5,883_3
-71,-90,P6,883_3
-70,-90,S82,883_3
-69,-85,P1,883_4
-69,-83,P2,883_4
-68.5,-83,P3,883_4
-68.5,-80,P4,883_4
-68,-80,P5,883_4
-68,-76,P6,883_4
-69.5,-76,P7,883_4
-69.5,-79,P8,883_4
-70.5,-79,P9,883_4
-70.5,-85,P10,883_4
-67,-74,P1,883_5
-67,-73,P2,883_5
-66.5,-73,P3,883_5
-66.5,-72,P4,883_5
-66,-72,P5,883_5
-66,-71,P6,883_5
-65.5,-71,P7,883_5
-65.5,-70,P8,883_5
-67,-70,P9,883_5
-67,-71,P10,883_5
-67.5,-71,P11,883_5
-67.5,-72,P12,883_5
-68,-72,P13,883_5
-68,-74,P14,883_5
-72,-90,P1,883_6
-72,-85,P2,883_6
-73,-85,P3,883_6
-73,-90,P4,883_6
-73,-75,P1,883_7
-73,-78.5,P2,883_7
-70,-78.5,P3,883_7
-70,-75,P4,883_7
-64.5,-94,P1,883_8
-64.5,-89.5,P2,883_8
-66,-89.5,P3,883_8
-66,-94,P4,883_8
-63.5,-76,P1,883_9
-63.5,-75,P2,883_9
-64.5,-75,P3,883_9
-64.5,-76,P4,883_9
-63.5,-75,P1,883_10
-63.5,-74,P2,883_10
-64.5,-74,P3,883_10
-64.5,-75,P4,883_10
-70,-100,P1,883_11
-70,-95,P2,883_11
-71.5,-95,P3,883_11
-71.5,-100,P4,883_11
-70,-95,P1,883_12
-70,-90,P2,883_12
-71,-90,S83,883_12
-71.5,-90,P3,883_12
-71.5,-95,P4,883_12
-60,-85,P2,1
-60,-70,S52,1
-60,-50,P3,1
-57,-50,P4,1
-57,-30,P5,1
-64,-30,P6,1
-64,-50,S6,1
-64,-59.42,S84,1
-64.7,-61.5,I2,1
-65.5,-63.4,I3,1
-67,-65.7,I4,1
-68,-66.2,I5,1
-69.09,-65.51,I6,1
-69.93,-67.11,I143,1
-71.95,-65.33,I142,1
-73.16,-66.44,I141,1
-74.29,-76.71,I140,1
-73.95,-79.83,I139,1
-74.34,-82.21,I138,1
-74.06,-85,S79,1
-50,-50,P1,2
-50,-30,S15,2
-50,-20,P2,2
-64,-20,P3,2
-64,-30,P4,2
-57,-30,P5,2
-57,-50,P6,2
-64,-59.42,S84,3
-64,-50,S6,3
-64,-30,S9,3
-64,-20,P2,3
-75.98,-20,S10,3
-76.33,-24.93,I34,3
-77.68,-32.29,I33,3
-78.56,-34.14,I32,3
-78.7,-28.78,I31,3
-80.21,-23.5,I30,3
-81.55,-38.81,I29,3
-82.62,-41.07,I28,3
-82.97,-44.86,I27,3
-82.45,-50.06,I26,3
-83.92,-59.37,I25,3
-83.59,-65.29,I24,3
-82.84,-65.91,I23,3
-82.4,-69.37,I22,3
-81.66,-68.68,I21,3
-81.2,-77.61,I20,3
-78.59,-86.02,I19,3
-77.95,-85.3,I18,3
-77.32,-81.92,I17,3
-77.44,-78.27,I16,3
-76.22,-80.28,I15,3
-75.73,-79.27,I14,3
-76.26,-71.9,I13,3
-75.4,-66.17,I12,3
-74.07,-63.46,I11,3
-72.65,-62.88,I10,3
-71.9,-63.91,I9,3
-71.26,-62.92,I8,3
-69.72,-63.8,I7,3
-69.09,-65.51,I6,3
-68,-66.2,I5,3
-67,-65.7,I4,3
-65.5,-63.4,I3,3
-64.7,-61.5,I2,3
-50,-20,P1,4
-50,30,P2,4
-62,30,S12,4
-70.9,30,S13,4
-71.43,27.55,I49,4
-71.2,21.89,I48,4
-71.37,19.12,I47,4
-70.78,15.48,I46,4
-70.78,13.41,I45,4
-71.24,11.88,I44,4
-70.84,9.33,I43,4
-71.33,2.95,I42,4
-72.3,-0.41,I41,4
-71.8,-4.61,I40,4
-72.09,-9.55,I39,4
-73.53,-13.27,I38,4
-74.08,-12.94,I37,4
-74.85,-16.23,I36,4
-75.79,-17.28,I35,4
-75.98,-20,S10,4
-64,-20,S11,4
-45,30,P1,5
-45,44,S48,5
-45,60,P2,5
-50,60,S46,5
-53.233333,60,S33,5
-56,60,S34,5
-62,60,P3,5
-62,43,S28,5
-62,30,P4,5
-50,30,S47,5
-45,60,P1,6
-45,80,P2,6
-49.4,80,S50,6
-55,80,P3,6
-55,86,P4,6
-62,86,P5,6
-62,73.166667,S31,6
-62,60,P6,6
-56,60,S34,6
-53.233333,60,S33,6
-50,60,S46,6
-70.9,30,S13,7
-62,30,P2,7
-62,43,S28,7
-62,60,S29,7
-62,73.166667,S31,7
-62,86,P3,7
-55,86,P4,7
-55,150,P5,7
-60,150,S27,7
-69.02,150,S17,7
-68.84,146.82,I95,7
-68.17,145.31,I94,7
-68.34,143.47,I93,7
-67.47,143.02,I92,7
-67.04,138.94,I91,7
-66.68,130.91,I90,7
-67.59,129.43,I89,7
-67.57,126.7,I88,7
-67.07,125.72,I87,7
-67.94,113.34,I86,7
-67.52,112.5,I85,7
-66.81,113.47,I84,7
-66.28,112.95,I83,7
-66.39,111.82,I82,7
-67.1,111.35,I81,7
-67.44,108.94,I80,7
-66.37,102.82,I79,7
-67.35,99.13,I78,7
-67.03,97.08,I77,7
-67.03,91.92,I76,7
-67.61,84.91,I75,7
-68.54,79.75,I74,7
-70.25,76.44,I73,7
-70.38,74.08,I72,7
-71.87,72.71,I71,7
-72.86,69.61,I70,7
-73.47,69.06,I69,7
-73.76,66.77,I68,7
-73.17,65.26,I67,7
-71.06,67.06,I66,7
-70.05,66.23,I65,7
-68.35,68.56,I64,7
-67.98,63.6,I63,7
-68.04,59.3,I62,7
-67.6,57.25,I61,7
-67.88,55.74,I60,7
-67.39,54.55,I59,7
-66.37,54.81,I58,7
-66.45,52.32,I57,7
-67.38,51.9,I56,7
-67.69,50.27,I55,7
-68.43,49.08,I54,7
-68.2,46.1,I53,7
-69.19,41.06,I52,7
-70.62,39.52,I51,7
-70,34.15,I50,7
-60,150,P1,8
-60,179.999999,S18,8
-60,-179.999999,S19,8
-60,-170,S24,8
-60,-150,P2,8
-78.26,-150,S71,8
-77.97,-152.69,I124,8
-78.63,-152.36,I123,8
-79.68,-145.17,I122,8
-81.06,-144.89,I121,8
-81.59,-150.78,I120,8
-82.71,-149.31,I119,8
-84,-159.38,I118,8
-84.62,-146.71,I117,8
-85.55,-145.09,I116,8
-85.79,-162.01,I115,8
-84.98,-172.43,I114,8
-84.54,-179.999999,S21,8
-84.54,179.999999,S22,8
-83.67,165.19,I113,8
-83.01,163.49,I112,8
-82.58,156.7,I111,8
-81.92,158.94,I110,8
-80.3,155.49,I109,8
-78.39,159.33,I108,8
-77.98,161.89,I107,8
-77.03,160.09,I106,8
-75.88,160.63,I105,8
-75.26,158.91,I104,8
-72.71,165.39,I103,8
-71.91,168.43,I102,8
-71.66,167.9,I101,8
-71.07,164.89,I100,8
-71.66,162.99,I99,8
-71.62,161.43,I98,8
-69.96,158.81,I97,8
-69.26,154.25,I96,8
-69.02,150,S17,8
-60,-150,P1,9
-60,-105,S25,9
-60,-85,P2,9
-74.06,-85,S79,9
-73.61,-89.43,I137,9
-73.67,-97.45,I136,9
-74.13,-98.99,I135,9
-75.1,-97.42,I134,9
-75.72,-98.43,I133,9
-75.5,-114.78,I132,9
-74.97,-116.05,I131,9
-75.32,-134.69,I130,9
-75.59,-138.53,I129,9
-76.23,-139.98,I128,9
-76.24,-143.66,I127,9
-77.92,-144.43,I126,9
-78.27,-149.89,I125,9
-78.26,-150,S71,9
-59,-33.2,P1,482E
-61,-33.2,P2,482E
-61,-30,P3,482E
-59,-30,P4,482E
-56,-48,P1,483A
-52.5,-48,P2,483A
-52.5,-43.5,P3,483A
-56,-43.5,P4,483A
-56,-43.5,P1,483B
-52.5,-43.5,P2,483B
-52.5,-40,P3,483B
-56,-40,P4,483B
-56,-40,P1,483C
-52.5,-40,P2,483C
-52.5,-33.5,P3,483C
-56,-33.5,P4,483C
-60,-30,P1,484S
-61.3,-30,P2,484S
-61.3,-28.5,P3,484S
-60,-28.5,P4,484S
-55.5,-29.5,P1,484SSI
-55.5,-25.5,P2,484SSI
-57.33333333,-25.5,P3,484SSI
-57.33333333,-24.5,P4,484SSI
-60,-24.5,P5,484SSI
-60,-29,P6,484SSI
-57.33333333,-29,P7,484SSI
-57.33333333,-29.5,P8,484SSI
-60,150,P1,N70
-60,163,P2,N70
-62.5,163,P3,N70
-62.5,168,P4,N70
-60,168,P5,N70
-60,179.999999,S18,N70
-60,-179.999999,S19,N70
-60,-170,S24,N70
-60,-150,P6,N70
-70,-150,P7,N70
-70,-170,S85,N70
-70,-179.999999,S86,N70
-70,179.999999,S87,N70
-70,173.75,P8,N70
-65,173.75,P9,N70
-65,160,P10,N70
-62.5,160,P11,N70
-62.5,150,P12,N70
-70,173.75,P1,S70
-70,179.999999,S87,S70
-70,-179.999999,S86,S70
-70,-170,S85,S70
-70,-150,P2,S70
-72,-150,P3,S70
-72,-170,P4,S70
-73.5,-170,P5,S70
-73.5,-179.999999,S88,S70
-73.5,179.999999,S89,S70
-73.5,173.75,P6,S70
-64,-41,P1,SOSS
-64,-48,P2,SOSS
-61.5,-48,P3,SOSS
-61.5,-46,P4,SOSS
-62,-46,P5,SOSS
-62,-44,P6,SOSS
-61.5,-44,P7,SOSS
-61.5,-41,P8,SOSS
-70.71,160,S68,GPZi
-65,160,P2,GPZi
-65,173.75,P3,GPZi
-73.5,173.75,P4,GPZi
-73.5,179.999999,P5,GPZi
-76,179.999999,P6,GPZi
-76,-179.999999,S90,GPZi
-76,-170,P7,GPZi
-76.5,-170,P8,GPZi
-76.5,-164,P9,GPZi
-75,-164,P10,GPZi
-75,-170,P11,GPZi
-72,-170,P12,GPZi
-72,-150,P13,GPZi
-78.26,-150,S71,GPZi
-77.97,-152.69,I124,GPZi
-78.63,-152.36,I123,GPZi
-79.68,-145.17,I122,GPZi
-81.06,-144.89,I121,GPZi
-81.59,-150.78,I120,GPZi
-82.71,-149.31,I119,GPZi
-84,-159.38,I118,GPZi
-84.62,-146.71,I117,GPZi
-85.55,-145.09,I116,GPZi
-85.79,-162.01,I115,GPZi
-84.98,-172.43,I114,GPZi
-84.54,-179.999999,S21,GPZi
-84.54,179.999999,S22,GPZi
-83.67,165.19,I113,GPZi
-83.01,163.49,I112,GPZi
-82.58,156.7,I111,GPZi
-81.92,158.94,I110,GPZi
-80.3,155.49,I109,GPZi
-78.39,159.33,I108,GPZi
-77.98,161.89,I107,GPZi
-77.03,160.09,I106,GPZi
-75.88,160.63,I105,GPZi
-75.26,158.91,I104,GPZi
-72.71,165.39,I103,GPZi
-71.91,168.43,I102,GPZi
-71.66,167.9,I101,GPZi
-71.07,164.89,I100,GPZi
-71.66,162.99,I99,GPZi
-71.62,161.43,I98,GPZi
-62.5,163,P1,GPZii
-60,163,P2,GPZii
-60,168,P3,GPZii
-62.5,168,P4,GPZii
-69,179,P1,GPZiii
-66.75,179,P2,GPZiii
-66.75,179.999999,S102,GPZiii
-66.75,-179.999999,S103,GPZiii
-66.75,-179,P3,GPZiii
-69,-179,P4,GPZiii
-69,-179.999999,S104,GPZiii
-69,179.999999,S105,GPZiii
-62.5,150,P2,KRZ
-62.5,160,P3,KRZ
-70.71,160,S68,KRZ
-69.96,158.81,I97,KRZ
-69.26,154.25,I96,KRZ
-69.02,150,S17,KRZ
-76,-180,P1,SRZ
-73.5,-180,P2,SRZ
-73.5,-170,P3,SRZ
-75,-170,P4,SRZ
-75,-164,P5,SRZ
-76.5,-164,P6,SRZ
-76.5,-170,P7,SRZ
-76,-170,P8,SRZ
-50.315063,37.82525,P1,PEI
-50.313888,37.697813,P2,PEI
-50.310332,37.564617,P3,PEI
-50.306443,37.471218,P4,PEI
-50.291614,37.185417,P5,PEI
-50.283496,37.06986,P6,PEI
-50.2708,36.92019,P7,PEI
-50.258224,36.797315,P8,PEI
-50.24489,36.684892,P9,PEI
-50.226109,36.54693,P10,PEI
-50.207846,36.428584,P11,PEI
-50.186702,36.305585,P12,PEI
-50.164037,36.186252,P13,PEI
-50.136505,36.054527,P14,PEI
-50.107847,35.929449,P15,PEI
-50.079036,35.813572,P16,PEI
-50.04473,35.685991,P17,PEI
-50.009648,35.565176,P18,PEI
-49.974894,35.453542,P19,PEI
-49.934054,35.330965,P20,PEI
-49.892793,35.215222,P21,PEI
-49.853409,35.111302,P22,PEI
-49.805248,34.991808,P23,PEI
-49.758094,34.881892,P24,PEI
-49.712218,34.780916,P25,PEI
-49.654234,34.660611,P26,PEI
-49.605575,34.564475,P27,PEI
-49.547245,34.455314,P28,PEI
-49.484381,34.344518,P29,PEI
-49.430863,34.25535,P30,PEI
-49.371179,34.161068,P31,PEI
-49.305976,34.06374,P32,PEI
-49.242093,33.973582,P33,PEI
-49.180377,33.890889,P34,PEI
-49.107301,33.798412,P35,PEI
-49.047847,33.727419,P36,PEI
-48.968821,33.63808,P37,PEI
-48.902532,33.567509,P38,PEI
-48.832882,33.497499,P39,PEI
-48.754286,33.423224,P40,PEI
-48.686951,33.363355,P41,PEI
-48.613878,33.302144,P42,PEI
-48.533531,33.239142,P43,PEI
-48.458807,33.184409,P44,PEI
-48.382839,33.132431,P45,PEI
-48.296789,33.077788,P46,PEI
-48.213765,33.028971,P47,PEI
-48.135637,32.986568,P48,PEI
-48.057642,32.947606,P49,PEI
-47.977682,32.911051,P50,PEI
-47.894737,32.876672,P51,PEI
-47.801855,32.842166,P52,PEI
-47.723819,32.816363,P53,PEI
-47.640018,32.791959,P54,PEI
-47.552223,32.76998,P55,PEI
-47.468027,32.752274,P56,PEI
-47.389118,32.738677,P57,PEI
-47.304361,32.727201,P58,PEI
-47.218777,32.718886,P59,PEI
-47.133074,32.713823,P60,PEI
-47.049027,32.711951,P61,PEI
-46.963339,32.713195,P62,PEI
-46.88231,32.717319,P63,PEI
-46.793471,32.725213,P64,PEI
-46.705292,32.736305,P65,PEI
-46.617495,32.750785,P66,PEI
-46.536709,32.767099,P67,PEI
-46.449524,32.787931,P68,PEI
-46.369363,32.810071,P69,PEI
-46.282793,32.837178,P70,PEI
-46.19893,32.866665,P71,PEI
-46.121719,32.896655,P72,PEI
-46.038131,32.932263,P73,PEI
-45.956202,32.970137,P74,PEI
-45.877274,33.009674,P75,PEI
-45.804121,33.049071,P76,PEI
-45.718201,33.098816,P77,PEI
-45.643198,33.145398,P78,PEI
-45.57064,33.193345,P79,PEI
-45.490779,33.249483,P80,PEI
-45.415165,33.306004,P81,PEI
-45.33269,33.371547,P82,PEI
-45.257709,33.434782,P83,PEI
-45.14777,33.532751,P84,PEI
-45.07238,33.602856,P85,PEI
-45.020978,33.652907,P86,PEI
-44.969191,33.705197,P87,PEI
-44.903466,33.774597,P88,PEI
-44.844859,33.839324,P89,PEI
-44.790519,33.890831,P90,PEI
-44.742487,33.938112,P91,PEI
-44.690763,33.990918,P92,PEI
-44.643201,34.04128,P93,PEI
-44.575859,34.115677,P94,PEI
-44.513177,34.188348,P95,PEI
-44.450802,34.264133,P96,PEI
-44.389987,34.341713,P97,PEI
-44.335932,34.41354,P98,PEI
-44.279126,34.492523,P99,PEI
-44.225463,34.570522,P100,PEI
-44.16468,34.663057,P101,PEI
-44.110127,34.750212,P102,PEI
-44.054462,34.843587,P103,PEI
-44.006832,34.927342,P104,PEI
-43.956738,35.019648,P105,PEI
-43.904974,35.12,P106,PEI
-43.860077,35.211556,P107,PEI
-43.815766,35.306506,P108,PEI
-43.768803,35.412142,P109,PEI
-43.72869,35.507228,P110,PEI
-43.687015,35.610606,P111,PEI
-43.646904,35.716096,P112,PEI
-43.608324,35.823881,P113,PEI
-43.570949,35.935169,P114,PEI
-43.537037,36.043039,P115,PEI
-43.507032,36.144968,P116,PEI
-43.476223,36.257151,P117,PEI
-43.449516,36.36181,P118,PEI
-43.423413,36.472393,P119,PEI
-43.398044,36.589566,P120,PEI
-43.377561,36.693041,P121,PEI
-43.357926,36.801935,P122,PEI
-43.340518,36.908951,P123,PEI
-43.323547,37.026253,P124,PEI
-43.309597,37.136252,P125,PEI
-43.297348,37.248419,P126,PEI
-43.286685,37.364963,P127,PEI
-43.279628,37.459837,P128,PEI
-43.273368,37.575054,P129,PEI
-43.270194,37.654326,P130,PEI
-43.265908,37.810723,P131,PEI
-43.264823,37.946117,P132,PEI
-43.265794,38.047667,P133,PEI
-43.269387,38.167023,P134,PEI
-43.274161,38.268852,P135,PEI
-43.280852,38.375485,P136,PEI
-43.289703,38.486848,P137,PEI
-43.299923,38.592985,P138,PEI
-43.31308,38.709107,P139,PEI
-43.327527,38.818952,P140,PEI
-43.343871,38.928806,P141,PEI
-43.359956,39.026021,P142,PEI
-43.378878,39.130021,P143,PEI
-43.401979,39.245452,P144,PEI
-43.424432,39.348199,P145,PEI
-43.459939,39.498083,P146,PEI
-43.489123,39.615091,P147,PEI
-43.515684,39.713843,P148,PEI
-43.545767,39.81844,P149,PEI
-43.575435,39.915219,P150,PEI
-43.61197,40.02704,P151,PEI
-43.646514,40.126394,P152,PEI
-43.682698,40.224699,P153,PEI
-43.716586,40.312114,P154,PEI
-43.756248,40.409264,P155,PEI
-43.80087,40.512803,P156,PEI
-43.843396,40.606404,P157,PEI
-43.887463,40.698707,P158,PEI
-43.931992,40.787607,P159,PEI
-43.975776,40.871132,P160,PEI
-44.029919,40.969602,P161,PEI
-44.078635,41.053959,P162,PEI
-44.131219,41.140961,P163,PEI
-44.182828,41.222541,P164,PEI
-44.241977,41.311776,P165,PEI
-44.297588,41.391816,P166,PEI
-44.355818,41.471889,P167,PEI
-44.421446,41.557872,P168,PEI
-44.478993,41.629775,P169,PEI
-44.538397,41.700802,P170,PEI
-44.601778,41.773182,P171,PEI
-44.663468,41.840437,P172,PEI
-44.735066,41.914768,P173,PEI
-44.798982,41.977901,P174,PEI
-44.875037,42.049518,P175,PEI
-44.940313,42.107994,P176,PEI
-45.015831,42.172189,P177,PEI
-45.085308,42.228112,P178,PEI
-45.155692,42.2818,P179,PEI
-45.236448,42.339954,P180,PEI
-45.305628,42.3873,P181,PEI
-45.385409,42.438659,P182,PEI
-45.457188,42.481994,P183,PEI
-45.532914,42.524824,P184,PEI
-45.606201,42.563525,P185,PEI
-45.676643,42.598232,P186,PEI
-45.761504,42.636874,P187,PEI
-45.836533,42.668202,P188,PEI
-45.919095,42.699647,P189,PEI
-46.006267,42.729466,P190,PEI
-46.080257,42.752091,P191,PEI
-46.155406,42.772565,P192,PEI
-46.236105,42.791771,P193,PEI
-46.313496,42.807499,P194,PEI
-46.40197,42.822288,P195,PEI
-46.487057,42.833286,P196,PEI
-46.565049,42.840636,P197,PEI
-46.639494,42.845177,P198,PEI
-46.728539,42.847456,P199,PEI
-46.806687,42.846612,P200,PEI
-46.886616,42.84298,P201,PEI
-46.961019,42.83707,P202,PEI
-47.038931,42.82824,P203,PEI
-47.125712,42.815205,P204,PEI
-47.203656,42.800608,P205,PEI
-47.28297,42.783233,P206,PEI
-47.356707,42.764567,P207,PEI
-47.431608,42.742963,P208,PEI
-47.499955,42.720883,P209,PEI
-47.551054,42.708938,P210,PEI
-47.608332,42.694094,P211,PEI
-47.709747,42.66394,P212,PEI
-47.777733,42.640888,P213,PEI
-47.867019,42.607237,P214,PEI
-47.942217,42.575682,P215,PEI
-48.026582,42.536764,P216,PEI
-48.101284,42.499104,P217,PEI
-48.176381,42.458123,P218,PEI
-48.245731,42.417416,P219,PEI
-48.317773,42.372119,P220,PEI
-48.439628,42.290444,P221,PEI
-48.507615,42.24236,P222,PEI
-48.580632,42.18736,P223,PEI
-48.663967,42.120168,P224,PEI
-48.733425,42.060381,P225,PEI
-48.801877,41.997926,P226,PEI
-48.875365,41.926789,P227,PEI
-48.941586,41.858868,P228,PEI
-49.006673,41.78837,P229,PEI
-49.068207,41.718117,P230,PEI
-49.13891,41.632815,P231,PEI
-49.200228,41.554614,P232,PEI
-49.264285,41.468408,P233,PEI
-49.330748,41.373739,P234,PEI
-49.391592,41.282029,P235,PEI
-49.447428,41.193069,P236,PEI
-49.521755,41.068226,P237,PEI
-49.567978,40.98622,P238,PEI
-49.622344,40.884946,P239,PEI
-49.671609,40.788019,P240,PEI
-49.72459,40.677746,P241,PEI
-49.773494,40.569742,P242,PEI
-49.81754,40.466717,P243,PEI
-49.865664,40.347143,P244,PEI
-49.907698,40.235832,P245,PEI
-49.946222,40.127362,P246,PEI
-49.987021,40.004721,P247,PEI
-50.024033,39.885355,P248,PEI
-50.056768,39.772149,P249,PEI
-50.091772,39.641642,P250,PEI
-50.121915,39.51968,P251,PEI
-50.148408,39.403441,P252,PEI
-50.175895,39.271661,P253,PEI
-50.199986,39.1441,P254,PEI
-50.220498,39.023739,P255,PEI
-50.241803,38.883195,P256,PEI
-50.260036,38.744957,P257,PEI
-50.274891,38.613284,P258,PEI
-50.286675,38.489931,P259,PEI
-50.297015,38.357657,P260,PEI
-50.305323,38.219308,P261,PEI
-50.31063,38.094795,P262,PEI
-50.314034,37.961589,P263,PEI
-43.076965,52.827422,P1,CI
-43.091144,52.963421,P2,CI
-43.108189,53.09903,P3,CI
-43.129636,53.243756,P4,CI
-43.154201,53.387,P5,CI
-43.183807,53.543215,P6,CI
-43.212176,53.676529,P7,CI
-43.232322,53.763446,P8,CI
-43.24822,53.828301,P9,CI
-43.282029,53.957105,P10,CI
-43.3185,54.084614,P11,CI
-43.344279,54.168853,P12,CI
-43.364377,54.231607,P13,CI
-43.40764,54.359177,P14,CI
-43.452345,54.481935,P15,CI
-43.499805,54.603566,P16,CI
-43.54966,54.723108,P17,CI
-43.601847,54.840457,P18,CI
-43.637982,54.917586,P19,CI
-43.66578,54.974834,P20,CI
-43.733699,55.108405,P21,CI
-43.792998,55.21952,P22,CI
-43.823506,55.274229,P23,CI
-43.864162,55.34474,P24,CI
-43.92936,55.452535,P25,CI
-43.995713,55.55612,P26,CI
-44.04113,55.623756,P27,CI
-44.075802,55.673719,P28,CI
-44.155345,55.783766,P29,CI
-44.228224,55.878935,P30,CI
-44.303045,55.971261,P31,CI
-44.341165,56.016331,P32,CI
-44.392711,56.075268,P33,CI
-44.471532,56.161145,P34,CI
-44.525053,56.216676,P35,CI
-44.565692,56.257404,P36,CI
-44.648213,56.336451,P37,CI
-44.690079,56.374751,P38,CI
-44.746508,56.424526,P39,CI
-44.789276,56.460878,P40,CI
-44.846875,56.508022,P41,CI
-44.934546,56.575916,P42,CI
-45.023505,56.640228,P43,CI
-45.068474,56.671042,P44,CI
-45.128919,56.710715,P45,CI
-45.220585,56.767161,P46,CI
-45.266846,56.793987,P47,CI
-45.328949,56.82829,P48,CI
-45.37583,56.852908,P49,CI
-45.442454,56.886395,P50,CI
-45.537487,56.930855,P51,CI
-45.633332,56.971359,P52,CI
-45.681558,56.990123,P53,CI
-45.74615,57.013582,P54,CI
-45.843613,57.0454,P55,CI
-45.94169,57.073129,P56,CI
-46.040296,57.096725,P57,CI
-46.089771,57.10696,P58,CI
-46.155891,57.118973,P59,CI
-46.255347,57.133471,P60,CI
-46.305176,57.139125,P61,CI
-46.371695,57.145002,P62,CI
-46.47159,57.150235,P63,CI
-46.538227,57.151323,P64,CI
-46.588206,57.150874,P65,CI
-46.688122,57.14671,P66,CI
-46.738036,57.142989,P67,CI
-46.804516,57.136324,P68,CI
-46.904029,57.122666,P69,CI
-46.953668,57.114187,P70,CI
-47.019705,57.101167,P71,CI
-47.118388,57.077961,P72,CI
-47.18389,57.060037,P73,CI
-47.232847,57.045307,P74,CI
-47.330343,57.012513,P75,CI
-47.37879,56.994475,P76,CI
-47.443084,56.968713,P77,CI
-47.538825,56.926409,P78,CI
-47.602146,56.895772,P79,CI
-47.649351,56.871522,P80,CI
-47.74298,56.819759,P81,CI
-47.849572,56.755027,P82,CI
-47.940974,56.694564,P83,CI
-47.986148,56.662763,P84,CI
-48.045857,56.618713,P85,CI
-48.134248,56.54913,P86,CI
-48.192357,56.500423,P87,CI
-48.23549,56.462685,P88,CI
-48.306494,56.397511,P89,CI
-48.390178,56.315584,P90,CI
-48.458591,56.244253,P91,CI
-48.539027,56.155045,P92,CI
-48.60468,56.07767,P93,CI
-48.681595,55.981419,P94,CI
-48.756479,55.881439,P95,CI
-48.829254,55.777814,P96,CI
-48.888236,55.68874,P97,CI
-48.956954,55.578671,P98,CI
-49.023357,55.465225,P99,CI
-49.084053,55.354999,P100,CI
-49.135878,55.255734,P101,CI
-49.195778,55.133789,P102,CI
-49.243744,55.029893,P103,CI
-49.298911,54.902591,P104,CI
-49.342849,54.794402,P105,CI
-49.393085,54.662163,P106,CI
-49.448696,54.506073,P107,CI
-49.493909,54.369459,P108,CI
-49.531066,54.248294,P109,CI
-49.570922,54.107485,P110,CI
-49.606378,53.970594,P111,CI
-49.636332,53.844271,P112,CI
-49.666495,53.704398,P113,CI
-49.691632,53.575292,P114,CI
-49.717461,53.426489,P115,CI
-49.739257,53.283002,P116,CI
-49.756753,53.150497,P117,CI
-49.773746,52.998512,P118,CI
-49.785495,52.871231,P119,CI
-49.796686,52.717887,P120,CI
-49.801088,52.641016,P121,CI
-49.805718,52.53836,P122,CI
-49.808929,52.435566,P123,CI
-49.810718,52.332685,P124,CI
-49.811128,52.255496,P125,CI
-49.810429,52.152581,P126,CI
-49.805434,51.952218,P127,CI
-49.806927,51.776577,P128,CI
-49.804813,51.62225,P129,CI
-49.801604,51.518864,P130,CI
-49.79702,51.416745,P131,CI
-49.784072,51.212638,P132,CI
-49.77186,51.059522,P133,CI
-49.754673,50.891138,P134,CI
-49.760649,50.778168,P135,CI
-49.764569,50.675528,P136,CI
-49.767069,50.572775,P137,CI
-49.768148,50.46996,P138,CI
-49.767805,50.367131,P139,CI
-49.766036,50.264135,P140,CI
-49.762851,50.16143,P141,CI
-49.758246,50.058862,P142,CI
-49.752208,49.956228,P143,CI
-49.742694,49.828588,P144,CI
-49.730977,49.701413,P145,CI
-49.717066,49.574798,P146,CI
-49.700974,49.448839,P147,CI
-49.68271,49.323629,P148,CI
-49.662291,49.199264,P149,CI
-49.644412,49.10044,P150,CI
-49.63011,49.026744,P151,CI
-49.609854,48.929082,P152,CI
-49.569585,48.751646,P153,CI
-49.547959,48.663702,P154,CI
-49.527423,48.584638,P155,CI
-49.488092,48.443605,P156,CI
-49.445858,48.304681,P157,CI
-49.42363,48.235939,P158,CI
-49.392941,48.145343,P159,CI
-49.339343,47.996766,P160,CI
-49.305571,47.908936,P161,CI
-49.27945,47.843831,P162,CI
-49.252639,47.779356,P163,CI
-49.215883,47.694527,P164,CI
-49.158573,47.569667,P165,CI
-49.128956,47.508342,P166,CI
-49.088484,47.427757,P167,CI
-49.025714,47.309475,P168,CI
-48.982519,47.232399,P169,CI
-48.94943,47.17555,P170,CI
-48.878147,47.058843,P171,CI
-48.8316,46.986631,P172,CI
-48.796041,46.933492,P173,CI
-48.723294,46.829889,P174,CI
-48.648438,46.729926,P175,CI
-48.584502,46.649466,P176,CI
-48.5192,46.571641,P177,CI
-48.450098,46.493654,P178,CI
-48.382201,46.42123,P179,CI
-48.299111,46.337967,P180,CI
-48.228579,46.271661,P181,CI
-48.156927,46.208192,P182,CI
-48.084204,46.147592,P183,CI
-48.025289,46.101196,P184,CI
-47.950764,46.04583,P185,CI
-47.890472,46.003656,P186,CI
-47.82961,45.963377,P187,CI
-47.768206,45.925004,P188,CI
-47.706284,45.888548,P189,CI
-47.642044,45.853043,P190,CI
-47.593524,45.818959,P191,CI
-47.531178,45.777312,P192,CI
-47.469919,45.738637,P193,CI
-47.423512,45.710807,P194,CI
-47.345738,45.666928,P195,CI
-47.282987,45.633981,P196,CI
-47.219792,45.602958,P197,CI
-47.156178,45.573867,P198,CI
-47.076115,45.540226,P199,CI
-47.01166,45.515498,P200,CI
-46.946875,45.492714,P201,CI
-46.881787,45.471877,P202,CI
-46.816422,45.452988,P203,CI
-46.742044,45.433689,P204,CI
-46.659717,45.415257,P205,CI
-46.593641,45.402702,P206,CI
-46.510823,45.389745,P207,CI
-46.444421,45.381564,P208,CI
-46.377919,45.37532,P209,CI
-46.296906,45.370331,P210,CI
-46.227923,45.368329,P211,CI
-46.144619,45.368653,P212,CI
-46.061344,45.371965,P213,CI
-45.994454,45.376782,P214,CI
-45.911623,45.385408,P215,CI
-45.828707,45.396995,P216,CI
-45.746017,45.411502,P217,CI
-45.680061,45.425194,P218,CI
-45.597902,45.4449,P219,CI
-45.516109,45.46746,P220,CI
-45.434731,45.492849,P221,CI
-45.365685,45.516665,P222,CI
-45.285176,45.547073,P223,CI
-45.218763,45.57434,P224,CI
-45.139278,45.609671,P225,CI
-45.076146,45.639876,P226,CI
-45.011412,45.672811,P227,CI
-44.933676,45.71507,P228,CI
-44.856695,45.759932,P229,CI
-44.795684,45.797671,P230,CI
-44.720175,45.847125,P231,CI
-44.645545,45.899078,P232,CI
-44.586503,45.942412,P233,CI
-44.513564,45.998762,P234,CI
-44.441624,46.057498,P235,CI
-44.381736,46.108805,P236,CI
-44.316362,46.167153,P237,CI
-44.247206,46.231877,P238,CI
-44.179195,46.298831,P239,CI
-44.125634,46.353968,P240,CI
-44.059776,46.424821,P241,CI
-44.007987,46.483018,P242,CI
-43.944403,46.557619,P243,CI
-43.882133,46.634236,P244,CI
-43.822616,46.710964,P245,CI
-43.773417,46.777134,P246,CI
-43.715006,46.859133,P247,CI
-43.658037,46.942959,P248,CI
-43.602541,47.028561,P249,CI
-43.550552,47.112333,P250,CI
-43.497782,47.200988,P251,CI
-43.456685,47.273088,P252,CI
-43.416599,47.346205,P253,CI
-43.375957,47.423267,P254,CI
-43.323932,47.52677,P255,CI
-43.277661,47.613245,P256,CI
-43.230555,47.705614,P257,CI
-43.175482,47.819742,P258,CI
-43.131427,47.916383,P259,CI
-43.08746,48.016539,P260,CI
-43.050806,48.103815,P261,CI
-43.014311,48.19514,P262,CI
-42.980467,48.284268,P263,CI
-42.943855,48.386153,P264,CI
-42.911839,48.480585,P265,CI
-42.882468,48.572267,P266,CI
-42.853274,48.668917,P267,CI
-42.82338,48.774646,P268,CI
-42.79534,48.881258,P269,CI
-42.769167,48.988696,P270,CI
-42.749584,49.075202,P271,CI
-42.728035,49.177866,P272,CI
-42.709922,49.271669,P273,CI
-42.690583,49.381598,P274,CI
-42.673169,49.492083,P275,CI
-42.657688,49.603067,P276,CI
-42.64415,49.71449,P277,CI
-42.634721,49.803905,P278,CI
-42.624695,49.91597,P279,CI
-42.616628,50.028308,P280,CI
-42.610525,50.14086,P281,CI
-42.607054,50.231149,P282,CI
-42.604493,50.343936,P283,CI
-42.603896,50.455185,P284,CI
-42.605248,50.568009,P285,CI
-42.608238,50.671942,P286,CI
-42.612648,50.770988,P287,CI
-42.619509,50.883465,P288,CI
-42.628333,50.995705,P289,CI
-42.638292,51.099785,P290,CI
-42.649157,51.19707,P291,CI
-42.660474,51.286438,P292,CI
-42.676315,51.397334,P293,CI
-42.694088,51.507721,P294,CI
-42.713783,51.617539,P295,CI
-42.73539,51.726731,P296,CI
-42.758897,51.835238,P297,CI
-42.784292,51.943001,P298,CI
-42.806149,52.029369,P299,CI
-42.834741,52.135012,P300,CI
-42.862344,52.23033,P301,CI
-42.891292,52.324447,P302,CI
-42.925168,52.427981,P303,CI
-42.960721,52.530119,P304,CI
-42.998186,52.631527,P305,CI
-43.03741,52.731756,P306,CI
-53.208389,66.942703,P1,KI
-53.192446,66.835076,P2,KI
-53.17512,66.728086,P3,KI
-53.156417,66.621783,P4,KI
-53.136349,66.516221,P5,KI
-53.114923,66.411449,P6,KI
-53.092152,66.307518,P7,KI
-53.068046,66.204477,P8,KI
-53.036056,66.077002,P9,KI
-53.008991,65.976142,P10,KI
-52.980633,65.876328,P11,KI
-52.950994,65.777607,P12,KI
-52.92009,65.680024,P13,KI
-52.887936,65.583625,P14,KI
-52.854547,65.488452,P15,KI
-52.819938,65.39455,P16,KI
-52.77499,65.279021,P17,KI
-52.737702,65.188127,P18,KI
-52.699251,65.098636,P19,KI
-52.659656,65.010587,P20,KI
-52.618936,64.924018,P21,KI
-52.57711,64.838964,P22,KI
-52.534198,64.755463,P23,KI
-52.49022,64.673548,P24,KI
-52.43378,64.573436,P25,KI
-52.387481,64.495212,P26,KI
-52.340185,64.41868,P27,KI
-52.291914,64.343869,P28,KI
-52.242691,64.270809,P29,KI
-52.192538,64.199528,P30,KI
-52.141478,64.130051,P31,KI
-52.089535,64.062404,P32,KI
-52.036147,63.995872,P33,KI
-51.98251,63.93196,P34,KI
-51.928062,63.869947,P35,KI
-51.872828,63.809855,P36,KI
-51.802718,63.737472,P37,KI
-51.745805,63.681773,P38,KI
-51.688189,63.628056,P39,KI
-51.629894,63.576336,P40,KI
-51.55611,63.514518,P41,KI
-51.496382,63.467346,P42,KI
-51.436059,63.422216,P43,KI
-51.375169,63.379141,P44,KI
-51.313737,63.338129,P45,KI
-51.251791,63.299192,P46,KI
-51.189357,63.262336,P47,KI
-51.126461,63.22757,P48,KI
-51.047234,63.18706,P49,KI
-50.983399,63.157017,P50,KI
-50.919191,63.129079,P51,KI
-50.854636,63.10325,P52,KI
-50.789762,63.079533,P53,KI
-50.724596,63.057927,P54,KI
-50.659165,63.038434,P55,KI
-50.593496,63.021053,P56,KI
-50.527617,63.005781,P57,KI
-50.461554,62.992617,P58,KI
-50.395334,62.981556,P59,KI
-50.328985,62.972595,P60,KI
-50.262534,62.965729,P61,KI
-50.196007,62.96095,P62,KI
-50.129431,62.958254,P63,KI
-50.062833,62.957631,P64,KI
-49.99624,62.959074,P65,KI
-49.946313,62.961507,P66,KI
-49.879791,62.966542,P67,KI
-49.829949,62.971657,P68,KI
-49.76358,62.980254,P69,KI
-49.713881,62.988026,P70,KI
-49.647743,63.000148,P71,KI
-49.598249,63.01055,P72,KI
-49.532422,63.026157,P73,KI
-49.483189,63.039157,P74,KI
-49.417751,63.058207,P75,KI
-49.368839,63.073773,P76,KI
-49.303866,63.096219,P77,KI
-49.255333,63.114315,P78,KI
-49.158813,63.153715,P79,KI
-49.063093,63.197347,P80,KI
-48.968254,63.245149,P81,KI
-48.874376,63.297059,P82,KI
-48.796934,63.343406,P83,KI
-48.719708,63.392879,P84,KI
-48.628772,63.45541,P85,KI
-48.53908,63.521794,P86,KI
-48.451582,63.591239,P87,KI
-48.364293,63.604672,P88,KI
-48.26521,63.624111,P89,KI
-48.166554,63.647905,P90,KI
-48.068411,63.676007,P91,KI
-47.970865,63.70837,P92,KI
-47.874001,63.744941,P93,KI
-47.777902,63.785667,P94,KI
-47.69089,63.826434,P95,KI
-47.612709,63.866217,P96,KI
-47.550153,63.900115,P97,KI
-47.488056,63.93577,P98,KI
-47.426441,63.973162,P99,KI
-47.365331,64.012272,P100,KI
-47.289689,64.063544,P101,KI
-47.229799,64.106443,P102,KI
-47.170486,64.150993,P103,KI
-47.111772,64.19717,P104,KI
-47.053679,64.244955,P105,KI
-46.996229,64.294323,P106,KI
-46.939441,64.345252,P107,KI
-46.883337,64.397718,P108,KI
-46.827937,64.4517,P109,KI
-46.77326,64.507171,P110,KI
-46.719327,64.564108,P111,KI
-46.666156,64.622487,P112,KI
-46.62679,64.667203,P113,KI
-46.575,64.728044,P114,KI
-46.523241,64.791236,P115,KI
-46.447813,64.875445,P116,KI
-46.383183,64.951434,P117,KI
-46.332398,65.01376,P118,KI
-46.28245,65.077424,P119,KI
-46.233357,65.142398,P120,KI
-46.184175,65.209968,P121,KI
-46.136841,65.277484,P122,KI
-46.090413,65.346232,P123,KI
-46.044906,65.416184,P124,KI
-46.000337,65.487315,P125,KI
-45.956721,65.559595,P126,KI
-45.914073,65.632998,P127,KI
-45.872408,65.707495,P128,KI
-45.83174,65.783059,P129,KI
-45.792084,65.859661,P130,KI
-45.753454,65.937273,P131,KI
-45.715862,66.015866,P132,KI
-45.679321,66.095412,P133,KI
-45.643845,66.175882,P134,KI
-45.609446,66.257246,P135,KI
-45.576134,66.339475,P136,KI
-45.543922,66.422541,P137,KI
-45.51282,66.506412,P138,KI
-45.48284,66.591061,P139,KI
-45.453991,66.676456,P140,KI
-45.426284,66.762568,P141,KI
-45.399726,66.849367,P142,KI
-45.374329,66.936823,P143,KI
-45.3501,67.024906,P144,KI
-45.3327,67.091361,P145,KI
-45.310535,67.180467,P146,KI
-45.28956,67.270116,P147,KI
-45.274614,67.33769,P148,KI
-45.255738,67.428216,P149,KI
-45.242155,67.497534,P150,KI
-45.225398,67.588842,P151,KI
-45.209859,67.680554,P152,KI
-45.195544,67.77264,P153,KI
-45.182458,67.865069,P154,KI
-45.170605,67.957809,P155,KI
-45.159989,68.050831,P156,KI
-45.150613,68.144102,P157,KI
-45.142481,68.237591,P158,KI
-45.135595,68.331268,P159,KI
-45.131251,68.40163,P160,KI
-45.126552,68.49556,P161,KI
-45.123105,68.589592,P162,KI
-45.12091,68.683694,P163,KI
-45.11997,68.777835,P164,KI
-45.120267,68.870338,P165,KI
-45.121813,68.964464,P166,KI
-45.123794,69.035025,P167,KI
-45.127533,69.129036,P168,KI
-45.132523,69.222938,P169,KI
-45.140517,69.340114,P170,KI
-45.148316,69.433657,P171,KI
-45.159814,69.550286,P172,KI
-45.170409,69.643312,P173,KI
-45.18224,69.736058,P174,KI
-45.198764,69.851549,P175,KI
-45.213364,69.943551,P176,KI
-45.233332,70.058014,P177,KI
-45.246226,70.126381,P178,KI
-45.264477,70.217147,P179,KI
-45.278957,70.284913,P180,KI
-45.299314,70.37483,P181,KI
-45.320864,70.464221,P182,KI
-45.349469,70.575171,P183,KI
-45.373677,70.663264,P184,KI
-45.403698,70.766217,P185,KI
-45.420987,70.861045,P186,KI
-45.438929,70.952215,P187,KI
-45.463052,71.065516,P188,KI
-45.483699,71.155593,P189,KI
-45.516902,71.289693,P190,KI
-45.540514,71.378372,P191,KI
-45.558992,71.444481,P192,KI
-45.578127,71.510234,P193,KI
-45.604653,71.597326,P194,KI
-45.625303,71.662195,P195,KI
-45.653837,71.748064,P196,KI
-45.683504,71.833192,P197,KI
-45.706493,71.896534,P198,KI
-45.730109,71.95943,P199,KI
-45.762566,72.042577,P200,KI
-45.796119,72.124879,P201,KI
-45.821997,72.186033,P202,KI
-45.84848,72.246684,P203,KI
-45.884724,72.326746,P204,KI
-45.941063,72.445055,P205,KI
-45.97992,72.522696,P206,KI
-46.009734,72.58026,P207,KI
-46.071063,72.69362,P208,KI
-46.102566,72.749393,P209,KI
-46.145379,72.822709,P210,KI
-46.197799,72.960147,P211,KI
-46.2418,73.06943,P212,KI
-46.267451,73.131273,P213,KI
-46.302595,73.212947,P214,KI
-46.329654,73.273598,P215,KI
-46.359818,73.339219,P216,KI
-46.397605,73.418535,P217,KI
-46.426625,73.477369,P218,KI
-46.466214,73.554923,P219,KI
-46.534739,73.682611,P220,KI
-46.598241,73.794537,P221,KI
-46.641789,73.867746,P222,KI
-46.675076,73.921894,P223,KI
-46.72028,73.993057,P224,KI
-46.767876,74.065199,P225,KI
-46.814916,74.133922,P226,KI
-46.862849,74.201382,P227,KI
-46.914182,74.271033,P228,KI
-46.96385,74.335892,P229,KI
-47.014359,74.399409,P230,KI
-47.065692,74.461558,P231,KI
-47.117831,74.522314,P232,KI
-47.170756,74.58165,P233,KI
-47.22445,74.639542,P234,KI
-47.278892,74.695964,P235,KI
-47.334064,74.750893,P236,KI
-47.389945,74.804303,P237,KI
-47.446516,74.856171,P238,KI
-47.518167,74.918801,P239,KI
-47.576214,74.967114,P240,KI
-47.637279,75.015726,P241,KI
-47.696548,75.060784,P242,KI
-47.771446,75.114767,P243,KI
-47.831987,75.156056,P244,KI
-47.908404,75.205261,P245,KI
-47.970103,75.242674,P246,KI
-48.047871,75.286984,P247,KI
-48.110569,75.320436,P248,KI
-48.173693,75.352093,P249,KI
-48.237218,75.381934,P250,KI
-48.301121,75.409943,P251,KI
-48.430604,75.463278,P252,KI
-48.495067,75.488548,P253,KI
-48.559848,75.511938,P254,KI
-48.641232,75.538507,P255,KI
-48.706635,75.557608,P256,KI
-48.788719,75.578767,P257,KI
-48.854618,75.593504,P258,KI
-48.942389,75.610741,P259,KI
-49.00862,75.621552,P260,KI
-49.074978,75.630376,P261,KI
-49.163015,75.639318,P262,KI
-49.229549,75.64414,P263,KI
-49.296133,75.646943,P264,KI
-49.362739,75.647716,P265,KI
-49.429341,75.646451,P266,KI
-49.495912,75.643141,P267,KI
-49.545805,75.639311,P268,KI
-49.612258,75.632404,P269,KI
-49.678607,75.623434,P270,KI
-49.751349,75.611203,P271,KI
-49.826111,75.602222,S42,KI
-50.906389,72.8225,S41,KI
-51.0525,72.474444,S40,KI
-51.408889,71.208056,S39,KI
-51.971667,69.733889,S38,KI
-52.707778,68.091944,S37,KI
-53.235278,67.055556,S36,KI
-49.854047,75.707175,P1,HIMI
-49.884732,75.816406,P2,HIMI
-49.910376,75.903086,P3,HIMI
-49.943788,76.010513,P4,HIMI
-49.971594,76.095686,P5,HIMI
-50.007684,76.20115,P6,HIMI
-50.037613,76.284689,P7,HIMI
-50.07633,76.388031,P8,HIMI
-50.108337,76.46981,P9,HIMI
-50.149625,76.570874,P10,HIMI
-50.183666,76.650767,P11,HIMI
-50.227464,76.749397,P12,HIMI
-50.263488,76.827281,P13,HIMI
-50.309734,76.923323,P14,HIMI
-50.35731,77.01786,P15,HIMI
-50.406196,77.110847,P16,HIMI
-50.446232,77.184088,P17,HIMI
-50.48708,77.256283,P18,HIMI
-50.528728,77.327409,P19,HIMI
-50.581895,77.414776,P20,HIMI
-50.647287,77.517299,P21,HIMI
-50.714373,77.617219,P22,HIMI
-50.767129,77.705656,P23,HIMI
-50.83204,77.809473,P24,HIMI
-50.876267,77.877249,P25,HIMI
-50.9326,77.960314,P26,HIMI
-50.978488,78.025414,P27,HIMI
-51.036855,78.105063,P28,HIMI
-51.096314,78.182752,P29,HIMI
-51.156838,78.258438,P30,HIMI
-51.206006,78.317516,P31,HIMI
-51.268375,78.389489,P32,HIMI
-51.331729,78.459339,P33,HIMI
-51.396037,78.527027,P34,HIMI
-51.44815,78.579591,P35,HIMI
-51.5141,78.643281,P36,HIMI
-51.567485,78.692596,P37,HIMI
-51.634973,78.75216,P38,HIMI
-51.689548,78.798123,P39,HIMI
-51.75847,78.853435,P40,HIMI
-51.828142,78.906333,P41,HIMI
-51.898531,78.956779,P42,HIMI
-51.955334,78.995346,P43,HIMI
-52.026925,79.04129,P44,HIMI
-52.099135,79.084683,P45,HIMI
-52.171928,79.125493,P46,HIMI
-52.230558,79.156258,P47,HIMI
-52.304309,79.192335,P48,HIMI
-52.378542,79.225738,P49,HIMI
-52.453218,79.256438,P50,HIMI
-52.513253,79.279031,P51,HIMI
-52.588632,79.304792,P52,HIMI
-52.64918,79.323398,P53,HIMI
-52.725138,79.344132,P54,HIMI
-52.786098,79.358683,P55,HIMI
-52.862508,79.374307,P56,HIMI
-52.939114,79.38706,P57,HIMI
-53.015875,79.396919,P58,HIMI
-53.092719,79.403882,P59,HIMI
-53.154243,79.407346,P60,HIMI
-53.231184,79.409026,P61,HIMI
-53.308127,79.407745,P62,HIMI
-53.369655,79.404578,P63,HIMI
-53.446497,79.39793,P64,HIMI
-53.523226,79.388282,P65,HIMI
-53.599799,79.375624,P66,HIMI
-53.660917,79.363322,P67,HIMI
-53.737105,79.345221,P68,HIMI
-53.81302,79.324086,P69,HIMI
-53.88862,79.299914,P70,HIMI
-53.948845,79.278386,P71,HIMI
-54.023772,79.248738,P72,HIMI
-54.098266,79.216048,P73,HIMI
-54.172286,79.180319,P74,HIMI
-54.231131,79.149548,P75,HIMI
-54.304189,79.108358,P76,HIMI
-54.376654,79.064143,P77,HIMI
-54.448485,79.016913,P78,HIMI
-54.505465,78.976967,P79,HIMI
-54.576048,78.924342,P80,HIMI
-54.645881,78.868739,P81,HIMI
-54.714834,78.810321,P82,HIMI
-54.769401,78.761475,P83,HIMI
-54.836831,78.697795,P84,HIMI
-54.903359,78.631223,P85,HIMI
-54.968944,78.561785,P86,HIMI
-55.020707,78.504189,P87,HIMI
-55.084496,78.429664,P88,HIMI
-55.147233,78.352355,P89,HIMI
-55.20888,78.272297,P90,HIMI
-55.257386,78.206296,P91,HIMI
-55.316974,78.121384,P92,HIMI
-55.375367,78.03383,P93,HIMI
-55.432528,77.943677,P94,HIMI
-55.477176,77.870041,P95,HIMI
-55.531828,77.775752,P96,HIMI
-55.585161,77.679016,P97,HIMI
-55.637141,77.579881,P98,HIMI
-55.677729,77.498884,P99,HIMI
-55.727192,77.395569,P100,HIMI
-55.775212,77.290011,P101,HIMI
-55.821759,77.182267,P102,HIMI
-55.857916,77.094541,P103,HIMI
-55.901735,76.98302,P104,HIMI
-55.944,76.86949,P105,HIMI
-55.984682,76.754019,P106,HIMI
-56.016071,76.660289,P107,HIMI
-56.046417,76.565397,P108,HIMI
-56.075707,76.469378,P109,HIMI
-56.100722,76.383588,P110,HIMI
-56.143936,76.245801,P111,HIMI
-56.184293,76.107991,P112,HIMI
-56.218346,75.98371,P113,HIMI
-56.248969,75.864616,P114,HIMI
-56.276945,75.748734,P115,HIMI
-56.306154,75.619228,P116,HIMI
-56.330733,75.502013,P117,HIMI
-56.352379,75.391637,P118,HIMI
-56.379154,75.244375,P119,HIMI
-56.401112,75.113367,P120,HIMI
-56.42045,74.987285,P121,HIMI
-56.436536,74.872289,P122,HIMI
-56.454617,74.728644,P123,HIMI
-56.46943,74.595509,P124,HIMI
-56.482117,74.464592,P125,HIMI
-56.492948,74.334877,P126,HIMI
-56.502078,74.2047,P127,HIMI
-56.509501,74.07414,P128,HIMI
-56.515211,73.943276,P129,HIMI
-56.520947,73.764156,P130,HIMI
-56.523614,73.631033,P131,HIMI
-56.524553,73.503359,P132,HIMI
-56.523448,73.348181,P133,HIMI
-56.520471,73.210418,P134,HIMI
-56.51518,73.063028,P135,HIMI
-56.508095,72.922501,P136,HIMI
-56.497614,72.762852,P137,HIMI
-56.486317,72.623302,P138,HIMI
-56.471913,72.473103,P139,HIMI
-56.456322,72.333321,P140,HIMI
-56.421075,72.051566,P141,HIMI
-56.402244,71.919432,P142,HIMI
-56.385884,71.8144,P143,HIMI
-56.363826,71.684026,P144,HIMI
-56.344903,71.580512,P145,HIMI
-56.319666,71.452168,P146,HIMI
-56.298219,71.350383,P147,HIMI
-56.272461,71.165886,P148,HIMI
-56.243185,70.983224,P149,HIMI
-56.210142,70.800482,P150,HIMI
-56.173333,70.618488,P151,HIMI
-56.144875,70.490073,P152,HIMI
-56.114635,70.36307,P153,HIMI
-56.082631,70.23756,P154,HIMI
-56.048887,70.113624,P155,HIMI
-56.013425,69.99134,P156,HIMI
-55.976268,69.870785,P157,HIMI
-55.937441,69.752033,P158,HIMI
-55.905194,69.658379,P159,HIMI
-55.863427,69.543056,P160,HIMI
-55.820065,69.429735,P161,HIMI
-55.775137,69.318484,P162,HIMI
-55.738086,69.231017,P163,HIMI
-55.690412,69.123654,P164,HIMI
-55.651205,69.039379,P165,HIMI
-55.600887,68.936104,P166,HIMI
-55.549134,68.835082,P167,HIMI
-55.495968,68.736323,P168,HIMI
-55.44144,68.640029,P169,HIMI
-55.385584,68.546252,P170,HIMI
-55.317118,68.437352,P171,HIMI
-55.246917,68.332246,P172,HIMI
-55.187097,68.24757,P173,HIMI
-55.126118,68.165586,P174,HIMI
-55.064018,68.08633,P175,HIMI
-54.988072,67.994877,P176,HIMI
-54.92364,67.921749,P177,HIMI
-54.858211,67.851457,P178,HIMI
-54.791824,67.784028,P179,HIMI
-54.710953,67.706932,P180,HIMI
-54.642601,67.645895,P181,HIMI
-54.573421,67.587798,P182,HIMI
-54.503453,67.532661,P183,HIMI
-54.418511,67.470427,P184,HIMI
-54.346957,67.421859,P185,HIMI
-54.274749,67.376298,P186,HIMI
-54.201928,67.333754,P187,HIMI
-54.113793,67.286697,P188,HIMI
-54.039772,67.250818,P189,HIMI
-53.965273,67.217977,P190,HIMI
-53.890339,67.188177,P191,HIMI
-53.799901,67.156428,P192,HIMI
-53.724156,67.133313,P193,HIMI
-53.648111,67.113233,P194,HIMI
-53.571806,67.096182,P195,HIMI
-53.495285,67.082153,P196,HIMI
-53.390929,67.066834,P197,HIMI
-53.314722,67.059024,P198,HIMI
-53.235278,67.055556,S36,HIMI
-52.707778,68.091944,S37,HIMI
-51.971667,69.733889,S38,HIMI
-51.408889,71.208056,S39,HIMI
-51.0525,72.474444,S40,HIMI
-50.906389,72.8225,S41,HIMI
-49.826111,75.602222,S42,HIMI
-60.17018,-26.649422,P1,SSI
-60.17401,-26.850064,P2,SSI
-60.172239,-27.033191,P3,SSI
-60.162382,-27.232991,P4,SSI
-60.139304,-27.42828,P5,SSI
-60.103426,-27.6155,P6,SSI
-60.08252,-27.709601,P7,SSI
-60.03437,-27.88512,P8,SSI
-59.97496,-28.046029,P9,SSI
-59.905365,-28.189507,P10,SSI
-59.826836,-28.313095,P11,SSI
-59.740775,-28.414736,P12,SSI
-59.648707,-28.492806,P13,SSI
-59.55225,-28.546135,P14,SSI
-59.453086,-28.574012,P15,SSI
-59.352926,-28.57618,P16,SSI
-59.298525,-28.56719,P17,SSI
-59.200079,-28.531295,P18,SSI
-59.104864,-28.470966,P19,SSI
-59.042852,-28.41873,P20,SSI
-58.996244,-28.371891,P21,SSI
-58.949595,-28.317868,P22,SSI
-58.869207,-28.202636,P23,SSI
-58.797173,-28.068689,P24,SSI
-58.73467,-27.918324,P25,SSI
-58.682712,-27.754064,P26,SSI
-58.643644,-27.663565,P27,SSI
-58.620745,-27.644075,P28,SSI
-58.540198,-27.561053,P29,SSI
-58.531156,-27.560272,P30,SSI
-58.474733,-27.580451,P31,SSI
-58.407183,-27.597271,P32,SSI
-58.306991,-27.602249,P33,SSI
-58.207318,-27.58244,P34,SSI
-58.10986,-27.53839,P35,SSI
-58.042037,-27.49139,P36,SSI
-57.953699,-27.552429,P37,SSI
-57.905858,-27.576871,P38,SSI
-57.82948,-27.607074,P39,SSI
-57.729631,-27.624182,P40,SSI
-57.629448,-27.616827,P41,SSI
-57.53064,-27.585336,P42,SSI
-57.459077,-27.545904,P43,SSI
-57.438904,-27.545521,P44,SSI
-57.353357,-27.642333,P45,SSI
-57.273015,-27.708851,P46,SSI
-57.238874,-27.790249,P47,SSI
-57.169484,-27.923417,P48,SSI
-57.091112,-28.038335,P49,SSI
-57.005153,-28.133084,P50,SSI
-56.913126,-28.206139,P51,SSI
-56.816643,-28.256385,P52,SSI
-56.764259,-28.290815,P53,SSI
-56.685517,-28.40371,P54,SSI
-56.635393,-28.461078,P55,SSI
-56.577564,-28.519238,P56,SSI
-56.485276,-28.590519,P57,SSI
-56.388607,-28.63922,P58,SSI
-56.289237,-28.664671,P59,SSI
-56.18888,-28.666618,P60,SSI
-56.089255,-28.645214,P61,SSI
-55.992054,-28.601006,P62,SSI
-55.898914,-28.534908,P63,SSI
-55.814572,-28.451808,P64,SSI
-55.784295,-28.417482,P65,SSI
-55.703815,-28.311844,P66,SSI
-55.63173,-28.189016,P67,SSI
-55.569223,-28.051104,P68,SSI
-55.517314,-27.900424,P69,SSI
-55.476846,-27.73947,P70,SSI
-55.448476,-27.570877,P71,SSI
-55.43266,-27.39738,P72,SSI
-55.429655,-27.221781,P73,SSI
-55.439508,-27.046908,P74,SSI
-55.453178,-26.930229,P75,SSI
-55.466313,-26.842776,P76,SSI
-55.501155,-26.677721,P77,SSI
-55.547773,-26.521666,P78,SSI
-55.60541,-26.377178,P79,SSI
-55.673127,-26.246668,P80,SSI
-55.749816,-26.132352,P81,SSI
-55.834216,-26.036213,P82,SSI
-55.924928,-25.959969,P83,SSI
-56.020442,-25.905038,P84,SSI
-56.058739,-25.847616,P85,SSI
-56.13057,-25.722698,P86,SSI
-56.210826,-25.615076,P87,SSI
-56.298184,-25.52664,P88,SSI
-56.391193,-25.458997,P89,SSI
-56.420197,-25.410143,P90,SSI
-56.491535,-25.283178,P91,SSI
-56.57136,-25.173568,P92,SSI
-56.658356,-25.083236,P93,SSI
-56.751081,-25.013822,P94,SSI
-56.847986,-24.966647,P95,SSI
-56.94744,-24.942682,P96,SSI
-57.047753,-24.942525,P97,SSI
-57.147211,-24.966373,P98,SSI
-57.204472,-24.990711,P99,SSI
-57.222369,-24.988693,P100,SSI
-57.263137,-24.934918,P101,SSI
-57.327212,-24.863913,P102,SSI
-57.389799,-24.799732,P103,SSI
-57.482309,-24.728182,P104,SSI
-57.579051,-24.679275,P105,SSI
-57.678397,-24.654022,P106,SSI
-57.778662,-24.653047,P107,SSI
-57.87813,-24.676573,P108,SSI
-57.9324,-24.686669,P109,SSI
-58.022067,-24.602519,P110,SSI
-58.0521,-24.579506,P111,SSI
-58.13657,-24.525569,P112,SSI
-58.234731,-24.487249,P113,SSI
-58.387089,-24.465448,P114,SSI
-58.469725,-24.465985,P115,SSI
-58.569189,-24.489438,P116,SSI
-58.666181,-24.537689,P117,SSI
-58.713724,-24.571228,P118,SSI
-58.807173,-24.650469,P119,SSI
-58.860521,-24.633602,P120,SSI
-58.922362,-24.62022,P121,SSI
-59.022555,-24.619103,P122,SSI
-59.12196,-24.64338,P123,SSI
-59.218863,-24.692855,P124,SSI
-59.311577,-24.766879,P125,SSI
-59.398474,-24.86435,P126,SSI
-59.478017,-24.983718,P127,SSI
-59.536155,-25.089803,P128,SSI
-59.602007,-25.238353,P129,SSI
-59.645956,-25.366828,P130,SSI
-59.707653,-25.411354,P131,SSI
-59.797165,-25.500268,P132,SSI
-59.879955,-25.61209,P133,SSI
-59.954551,-25.744998,P134,SSI
-59.989218,-25.820696,P135,SSI
-60.025839,-25.911184,P136,SSI
-60.080181,-26.079198,P137,SSI
-60.122833,-26.260448,P138,SSI
-60.153016,-26.451679,P139,SSI
-60.911727,-43.009183,P1,SOSE
-60.963628,-43.038992,P2,SOSE
-61.037634,-43.095786,P3,SOSE
-61.091959,-43.149715,P4,SOSE
-61.143819,-43.21256,P5,SOSE
-61.192845,-43.283923,P6,SOSE
-61.238687,-43.363336,P7,SOSE
-61.281016,-43.450265,P8,SOSE
-61.319527,-43.544117,P9,SOSE
-61.35394,-43.644238,P10,SOSE
-61.384006,-43.749921,P11,SOSE
-61.409505,-43.860412,P12,SOSE
-61.440642,-44.018395,P13,SOSE
-61.461775,-44.119574,P14,SOSE
-61.482564,-44.234254,P15,SOSE
-61.498449,-44.352128,P16,SOSE
-61.509312,-44.472334,P17,SOSE
-61.515074,-44.593989,P18,SOSE
-61.515714,-44.793451,P19,SOSE
-61.51027,-44.91516,P20,SOSE
-61.499722,-45.035468,P21,SOSE
-61.484145,-45.153491,P22,SOSE
-61.468228,-45.245763,P23,SOSE
-61.463012,-45.367312,P24,SOSE
-61.4704,-45.450555,P25,SOSE
-61.477925,-45.571661,P26,SOSE
-61.480317,-45.693629,P27,SOSE
-61.477559,-45.815561,P28,SOSE
-61.469669,-45.936559,P29,SOSE
-61.456707,-46.055734,P30,SOSE
-61.438768,-46.172212,P31,SOSE
-61.415984,-46.285144,P32,SOSE
-61.388521,-46.393712,P33,SOSE
-61.356581,-46.497137,P34,SOSE
-61.318808,-46.598288,P35,SOSE
-61.321126,-46.67564,P36,SOSE
-61.319631,-46.797004,P37,SOSE
-61.312998,-46.917637,P38,SOSE
-61.301275,-47.036649,P39,SOSE
-61.284549,-47.15317,P40,SOSE
-61.262942,-47.266349,P41,SOSE
-61.23667,-47.375126,P42,SOSE
-60.515262,-45.966119,P43,SOSE
-60.533198,-45.933745,P44,SOSE
-60.564856,-45.84235,P45,SOSE
-60.682908,-45.152631,P46,SOSE
-60.694277,-45.062239,P47,SOSE
-60.688852,-45.008278,P48,SOSE
-60.717746,-44.81188,P49,SOSE
-60.741487,-44.752593,P50,SOSE
-60.736745,-44.72874,P51,SOSE
-60.743982,-44.708761,P52,SOSE
-60.732733,-44.688465,P53,SOSE
-60.734923,-44.567,P54,SOSE
-60.70961,-44.491776,P55,SOSE
-60.712547,-44.452932,P56,SOSE
-60.718445,-44.435414,P57,SOSE
-60.721464,-44.415457,P58,SOSE
-60.725044,-44.403445,P59,SOSE
-60.724205,-44.393013,P60,SOSE
-59.898251,-44.761021,P1,SOW
-60.515262,-45.966119,P2,SOW
-61.23667,-47.375126,P3,SOW
-61.205755,-47.479432,P4,SOW
-61.170593,-47.577811,P5,SOW
-61.131382,-47.66981,P6,SOW
-61.088406,-47.754788,P7,SOW
-61.041974,-47.832168,P8,SOW
-60.99242,-47.901433,P9,SOW
-60.940097,-47.962129,P10,SOW
-60.922283,-47.980214,P11,SOW
-60.862379,-48.033394,P12,SOW
-60.805082,-48.072822,P13,SOW
-60.746302,-48.10268,P14,SOW
-60.686449,-48.122818,P15,SOW
-60.625935,-48.133157,P16,SOW
-60.565179,-48.133686,P17,SOW
-60.504594,-48.124462,P18,SOW
-60.444592,-48.105607,P19,SOW
-60.385578,-48.077307,P20,SOW
-60.327948,-48.039806,P21,SOW
-60.272087,-47.993409,P22,SOW
-60.218364,-47.938472,P23,SOW
-60.167136,-47.875401,P24,SOW
-60.118737,-47.804653,P25,SOW
-60.073483,-47.726724,P26,SOW
-60.03167,-47.642154,P27,SOW
-59.993567,-47.551515,P28,SOW
-59.95942,-47.455413,P29,SOW
-59.92945,-47.354484,P30,SOW
-59.903847,-47.249388,P31,SOW
-59.882775,-47.140804,P32,SOW
-59.86637,-47.029431,P33,SOW
-59.854734,-46.915982,P34,SOW
-59.847943,-46.801178,P35,SOW
-59.846039,-46.685749,P36,SOW
-59.849034,-46.570427,P37,SOW
-59.851807,-46.53032,P38,SOW
-59.847526,-46.51408,P39,SOW
-59.824823,-46.40701,P40,SOW
-59.806742,-46.296887,P41,SOW
-59.793397,-46.184417,P42,SOW
-59.784874,-46.070317,P43,SOW
-59.781227,-45.955312,P44,SOW
-59.782479,-45.840132,P45,SOW
-59.780859,-45.683477,P46,SOW
-59.783321,-45.568367,P47,SOW
-59.790666,-45.453993,P48,SOW
-59.80285,-45.341081,P49,SOW
-59.81338,-45.256146,P50,SOW
-59.818643,-45.198286,P51,SOW
-59.831391,-45.085237,P52,SOW
-59.848866,-44.9747,P53,SOW
-59.870979,-44.867134,P54,SOW
-60.911727,-43.009183,P1,SONE
-60.724205,-44.393013,P2,SONE
-60.725044,-44.403445,P3,SONE
-60.721464,-44.415457,P4,SONE
-60.718445,-44.435414,P5,SONE
-60.712547,-44.452932,P6,SONE
-60.70961,-44.491776,P7,SONE
-60.734923,-44.567,P8,SONE
-60.732733,-44.688465,P9,SONE
-60.743982,-44.708761,P10,SONE
-60.736745,-44.72874,P11,SONE
-60.741487,-44.752593,P12,SONE
-60.717746,-44.81188,P13,SONE
-60.688852,-45.008278,P14,SONE
-60.694277,-45.062239,P15,SONE
-60.682908,-45.152631,P16,SONE
-60.564856,-45.84235,P17,SONE
-60.533198,-45.933745,P18,SONE
-60.515262,-45.966119,P19,SONE
-59.898251,-44.761021,P20,SONE
-59.903679,-44.697803,P21,SONE
-59.920467,-44.586616,P22,SONE
-59.932063,-44.52813,P23,SONE
-59.93212,-44.467485,P24,SONE
-59.937152,-44.352097,P25,SONE
-59.947048,-44.237832,P26,SONE
-59.961743,-44.125417,P27,SONE
-59.981146,-44.01557,P28,SONE
-60.005131,-43.908994,P29,SONE
-60.033547,-43.806379,P30,SONE
-60.066211,-43.708393,P31,SONE
-60.10088,-43.61775,P32,SONE
-60.184549,-43.426608,P33,SONE
-60.227519,-43.344031,P34,SONE
-60.273836,-43.268326,P35,SONE
-60.323198,-43.200018,P36,SONE
-60.375282,-43.139593,P37,SONE
-60.429745,-43.087491,P38,SONE
-60.486228,-43.044102,P39,SONE
-60.544356,-43.009765,P40,SONE
-60.603739,-42.984765,P41,SONE
-60.663979,-42.969327,P42,SONE
-60.724668,-42.963613,P43,SONE
-60.785393,-42.967724,P44,SONE
-60.845738,-42.981693,P45,SONE
-60.905287,-43.005484,P46,SONE
-60.911727,-43.009183,P47,SONE
-55.898308,-36.995682,P1,SGE
-55.84864,-37.135,P2,SGE
-52.839204,-37.122,P3,SGE
-52.859031,-36.9763,P4,SGE
-52.886278,-36.833315,P5,SGE
-52.914875,-36.674319,P6,SGE
-52.937082,-36.529161,P7,SGE
-52.986503,-36.289178,P8,SGE
-53.016077,-36.157853,P9,SGE
-53.028946,-36.096676,P10,SGE
-53.06162,-35.955639,P11,SGE
-53.101393,-35.818803,P12,SGE
-53.148014,-35.687039,P13,SGE
-53.211165,-35.525262,P14,SGE
-53.264314,-35.396361,P15,SGE
-53.312856,-35.265681,P16,SGE
-53.367857,-35.141188,P17,SGE
-53.428972,-35.023697,P18,SGE
-53.495812,-34.913991,P19,SGE
-53.567952,-34.812813,P20,SGE
-53.644928,-34.720865,P21,SGE
-53.77648,-34.513302,P22,SGE
-53.850071,-34.414033,P23,SGE
-53.928355,-34.324258,P24,SGE
-54.025754,-34.23242,P25,SGE
-54.096958,-34.175704,P26,SGE
-54.186176,-34.118045,P27,SGE
-54.277898,-34.072108,P28,SGE
-54.433613,-33.988623,P29,SGE
-54.480646,-33.961371,P30,SGE
-54.573362,-33.921002,P31,SGE
-54.667671,-33.893004,P32,SGE
-54.762939,-33.877665,P33,SGE
-54.791011,-33.875597,P34,SGE
-54.92655,-33.876206,P35,SGE
-55.021479,-33.891922,P36,SGE
-55.115155,-33.920659,P37,SGE
-55.206926,-33.96232,P38,SGE
-55.296149,-34.016713,P39,SGE
-55.382192,-34.083552,P40,SGE
-55.464443,-34.16245,P41,SGE
-55.542311,-34.252924,P42,SGE
-55.615231,-34.354397,P43,SGE
-55.682674,-34.466197,P44,SGE
-55.744143,-34.587563,P45,SGE
-55.799186,-34.717651,P46,SGE
-55.847393,-34.855536,P47,SGE
-55.888404,-35.000225,P48,SGE
-55.949075,-35.232677,P49,SGE
-55.980337,-35.384797,P50,SGE
-56.007771,-35.554984,P51,SGE
-56.025569,-35.713795,P52,SGE
-56.035281,-35.874898,P53,SGE
-56.037225,-35.985191,P54,SGE
-56.037257,-36.076364,P55,SGE
-56.03401,-36.221224,P56,SGE
-56.022658,-36.382611,P57,SGE
-56.003237,-36.541927,P58,SGE
-55.975892,-36.69798,P59,SGE
-55.940828,-36.849605,P60,SGE
-52.839204,-37.122,P1,SGW
-55.84864,-37.135,P2,SGW
-55.8487,-37.135,P3,SGW
-55.792219,-37.266982,P4,SGW
-55.751708,-37.349171,P5,SGW
-55.685085,-37.469231,P6,SGW
-55.585545,-37.627623,P7,SGW
-55.512563,-37.733204,P8,SGW
-55.434619,-37.828074,P9,SGW
-55.359442,-38.019543,P10,SGW
-55.32275,-38.167383,P11,SGW
-55.278665,-38.309555,P12,SGW
-55.227517,-38.445024,P13,SGW
-55.181346,-38.579282,P14,SGW
-55.152309,-38.658221,P15,SGW
-55.11398,-38.804059,P16,SGW
-55.068325,-38.944037,P17,SGW
-55.015684,-39.07714,P18,SGW
-54.956447,-39.202414,P19,SGW
-54.89105,-39.318977,P20,SGW
-54.819974,-39.426027,P21,SGW
-54.743737,-39.522843,P22,SGW
-54.662892,-39.608791,P23,SGW
-54.578022,-39.68333,P24,SGW
-54.489734,-39.74601,P25,SGW
-54.398655,-39.796477,P26,SGW
-54.305427,-39.834471,P27,SGW
-54.210703,-39.859823,P28,SGW
-54.11514,-39.872459,P29,SGW
-54.019396,-39.872395,P30,SGW
-53.987278,-39.870632,P31,SGW
-53.891802,-39.861642,P32,SGW
-53.797257,-39.840196,P33,SGW
-53.704281,-39.806533,P34,SGW
-53.613494,-39.760972,P35,SGW
-53.525501,-39.703901,P36,SGW
-53.440879,-39.635777,P37,SGW
-53.360182,-39.557121,P38,SGW
-53.283935,-39.46851,P39,SGW
-53.212628,-39.370574,P40,SGW
-53.146719,-39.263995,P41,SGW
-53.086628,-39.149494,P42,SGW
-53.032734,-39.027836,P43,SGW
-52.98538,-38.899817,P44,SGW
-52.933628,-38.709616,P45,SGW
-52.877971,-38.428922,P46,SGW
-52.84596,-38.209064,P47,SGW
-52.827095,-38.064315,P48,SGW
-52.815801,-37.917537,P49,SGW
-52.812146,-37.769644,P50,SGW
-52.816153,-37.621552,P51,SGW
-52.826946,-37.269232,P52,SGW
-62.209026,-55.501005,P1,APEI
-61.54253,-56.371071,P2,APEI
-61.089204,-56.962858,P3,APEI
-61.064457,-56.953848,P4,APEI
-61.004233,-56.939846,P5,APEI
-60.944726,-56.916097,P6,APEI
-60.886334,-56.882822,P7,APEI
-60.82945,-56.840299,P8,APEI
-60.774451,-56.788865,P9,APEI
-60.7217,-56.728909,P10,APEI
-60.671546,-56.660871,P11,APEI
-60.624315,-56.585236,P12,APEI
-60.580316,-56.502533,P13,APEI
-60.551042,-56.442927,P14,APEI
-60.510497,-56.353919,P15,APEI
-60.476081,-56.267915,P16,APEI
-60.441203,-56.172177,P17,APEI
-60.40997,-56.070286,P18,APEI
-60.383029,-55.964031,P19,APEI
-60.360551,-55.854103,P20,APEI
-60.34268,-55.741207,P21,APEI
-60.32953,-55.626068,P22,APEI
-60.321185,-55.509418,P23,APEI
-60.317697,-55.391998,P24,APEI
-60.31909,-55.274552,P25,APEI
-60.325355,-55.157823,P26,APEI
-60.358512,-54.817872,P27,APEI
-60.358033,-54.648741,P28,APEI
-60.362466,-54.531517,P29,APEI
-60.371752,-54.415475,P30,APEI
-60.385831,-54.301352,P31,APEI
-60.3952,-54.245852,P32,APEI
-60.389059,-54.129371,P33,APEI
-60.38762,-54.038138,P34,APEI
-60.387624,-53.989392,P35,APEI
-60.390435,-53.862886,P36,APEI
-60.398098,-53.746291,P37,APEI
-60.410579,-53.631358,P38,APEI
-60.427799,-53.518817,P39,APEI
-60.449648,-53.409389,P40,APEI
-60.475989,-53.303777,P41,APEI
-60.506652,-53.202666,P42,APEI
-60.541442,-53.10672,P43,APEI
-60.580136,-53.016572,P44,APEI
-60.622485,-52.932829,P45,APEI
-60.668214,-52.85606,P46,APEI
-60.717026,-52.786799,P47,APEI
-60.768603,-52.725537,P48,APEI
-60.822605,-52.672718,P49,APEI
-60.878676,-52.62874,P50,APEI
-60.936444,-52.593947,P51,APEI
-60.995523,-52.568625,P52,APEI
-61.055515,-52.553003,P53,APEI
-61.157971,-52.546627,P54,APEI
-61.218499,-52.554467,P55,APEI
-61.278559,-52.57231,P56,APEI
-61.299145,-52.580619,P57,APEI
-61.359197,-52.598617,P58,APEI
-61.428715,-52.624234,P59,APEI
-61.487496,-52.655498,P60,APEI
-61.544844,-52.696558,P61,APEI
-61.604264,-52.750419,P62,APEI
-61.654753,-52.803605,P63,APEI
-61.706413,-52.869283,P64,APEI
-61.755235,-52.943583,P65,APEI
-61.800869,-53.026017,P66,APEI
-61.820666,-53.0649,P67,APEI
-61.861782,-53.152584,P68,APEI
-61.900197,-53.249434,P69,APEI
-61.934522,-53.352595,P70,APEI
-61.964507,-53.46134,P71,APEI
-61.989933,-53.57489,P72,APEI
-62.010615,-53.692427,P73,APEI
-62.026399,-53.813094,P74,APEI
-62.037171,-53.93601,P75,APEI
-62.042852,-54.060269,P76,APEI
-62.043399,-54.184958,P77,APEI
-62.03881,-54.309155,P78,APEI
-62.029118,-54.431946,P79,APEI
-62.020308,-54.504177,P80,APEI
-62.048033,-54.570717,P81,APEI
-62.083747,-54.672526,P82,APEI
-62.115206,-54.780196,P83,APEI
-62.142179,-54.892959,P84,APEI
-62.164471,-55.010004,P85,APEI
-62.175943,-55.084894,P86,APEI
-62.196164,-55.251812,P87,APEI
-62.205155,-55.376097,P88,APEI
-61.54253,-56.371071,P1,APDPE
-62.4467,-59.628,P2,APDPE
-61.730105,-60.536069,P3,APDPE
-61.692018,-60.416238,P4,APDPE
-61.663646,-60.306557,P5,APDPE
-61.639657,-60.192812,P6,APDPE
-61.620204,-60.075734,P7,APDPE
-61.610746,-59.999095,P8,APDPE
-61.547348,-59.893016,P9,APDPE
-61.503307,-59.80779,P10,APDPE
-61.462756,-59.715844,P11,APDPE
-61.425956,-59.617797,P12,APDPE
-61.393145,-59.514301,P13,APDPE
-61.369454,-59.430871,P14,APDPE
-61.333574,-59.314057,P15,APDPE
-61.3049,-59.206081,P16,APDPE
-61.27892,-59.101765,P17,APDPE
-61.253958,-58.990405,P18,APDPE
-61.233509,-58.875596,P19,APDPE
-61.217702,-58.758073,P20,APDPE
-61.206638,-58.638586,P21,APDPE
-61.200389,-58.517891,P22,APDPE
-61.18508,-58.406881,P23,APDPE
-61.171618,-58.288463,P24,APDPE
-61.162938,-58.168459,P25,APDPE
-61.159096,-58.04763,P26,APDPE
-61.158892,-57.992728,P27,APDPE
-61.152955,-57.848566,P28,APDPE
-61.149106,-57.72779,P29,APDPE
-61.15012,-57.606952,P30,APDPE
-61.155992,-57.486817,P31,APDPE
-61.166685,-57.368145,P32,APDPE
-61.182131,-57.251689,P33,APDPE
-61.213533,-57.074199,P34,APDPE
-61.157778,-57.025637,P35,APDPE
-61.104128,-56.968292,P36,APDPE
-61.089204,-56.962858,P37,APDPE
-61.730105,-60.536069,P1,APDPW
-62.4467,-59.628,P2,APDPW
-63.16543,-62.672,P3,APDPW
-62.685422,-63.269872,P4,APDPW
-62.646602,-63.170562,P5,APDPW
-62.611727,-63.065427,P6,APDPW
-62.54082,-63.015204,P7,APDPW
-62.484717,-62.967038,P8,APDPW
-62.410604,-62.888552,P9,APDPW
-62.358805,-62.822219,P10,APDPW
-62.309677,-62.747482,P11,APDPW
-62.263539,-62.664874,P12,APDPW
-62.239169,-62.615864,P13,APDPW
-62.221401,-62.576807,P14,APDPW
-62.176836,-62.51777,P15,APDPW
-62.128359,-62.441654,P16,APDPW
-62.082946,-62.35784,P17,APDPW
-62.040892,-62.266908,P18,APDPW
-62.002468,-62.169474,P19,APDPW
-61.973039,-62.083217,P20,APDPW
-61.940711,-61.977054,P21,APDPW
-61.912591,-61.866109,P22,APDPW
-61.890244,-61.801708,P23,APDPW
-61.853822,-61.701584,P24,APDPW
-61.821398,-61.595991,P25,APDPW
-61.793178,-61.485623,P26,APDPW
-61.769342,-61.371195,P27,APDPW
-61.750042,-61.253443,P28,APDPW
-61.7354,-61.133122,P29,APDPW
-61.72551,-61.010994,P30,APDPW
-61.720434,-60.887834,P31,APDPW
-61.719708,-60.82003,P32,APDPW
-61.719708,-60.790398,P33,APDPW
-61.722658,-60.654448,P34,APDPW
-64.328347,-61.113531,P1,APW
-64.49,-60.89,S91,APW
-64.7,-61.5,I2,APW
-65.5,-63.4,I3,APW
-65.93,-64.06,S92,APW
-65.860702,-64.672732,P2,APW
-65.851424,-64.75586,P3,APW
-65.835689,-64.868155,P4,APW
-65.826328,-64.924714,P5,APW
-65.810049,-65.01108,P6,APW
-65.795081,-65.080614,P7,APW
-65.782189,-65.134733,P8,APW
-65.756132,-65.231665,P9,APW
-65.726394,-65.326755,P10,APW
-65.702769,-65.393215,P11,APW
-65.68127,-65.447988,P12,APW
-65.661574,-65.494048,P13,APW
-65.635466,-65.5498,P14,APW
-65.611431,-65.596394,P15,APW
-65.573955,-65.661111,P16,APW
-65.56378,-65.68366,P17,APW
-65.495757,-65.769946,P18,APW
-65.467819,-65.801421,P19,APW
-65.440809,-65.82855,P20,APW
-65.413545,-65.852818,P21,APW
-65.384694,-65.875263,P22,APW
-65.357853,-65.893295,P23,APW
-65.329323,-65.909559,P24,APW
-65.297638,-65.92424,P25,APW
-65.272495,-65.933435,P26,APW
-65.244177,-65.941243,P27,APW
-65.201896,-65.947988,P28,APW
-65.159285,-65.94893,P29,APW
-65.124829,-65.945431,P30,APW
-65.083896,-65.936327,P31,APW
-65.041268,-65.921083,P32,APW
-65.000298,-65.900784,P33,APW
-64.959178,-65.874677,P34,APW
-64.900937,-65.926736,P35,APW
-64.843913,-65.96823,P36,APW
-64.785523,-65.998494,P37,APW
-64.726172,-66.017396,P38,APW
-64.666271,-66.024885,P39,APW
-64.606231,-66.020989,P40,APW
-64.546462,-66.005817,P41,APW
-64.487367,-65.979549,P42,APW
-64.427559,-65.942641,P43,APW
-64.376999,-65.905737,P44,APW
-64.321116,-65.8541,P45,APW
-64.267211,-65.792506,P46,APW
-64.215638,-65.721421,P47,APW
-64.166734,-65.641365,P48,APW
-64.132862,-65.579431,P49,APW
-64.054687,-65.434604,P50,APW
-64.031678,-65.387142,P51,APW
-63.98546,-65.281694,P52,APW
-63.927637,-65.139612,P53,APW
-63.894062,-65.069541,P54,APW
-63.842395,-64.999756,P55,APW
-63.793388,-64.921112,P56,APW
-63.747357,-64.834167,P57,APW
-63.704602,-64.739526,P58,APW
-63.665396,-64.637835,P59,APW
-63.629991,-64.529776,P60,APW
-63.598612,-64.416062,P61,APW
-63.57146,-64.297435,P62,APW
-63.548706,-64.174661,P63,APW
-63.534015,-64.075844,P64,APW
-63.53062,-64.050353,P65,APW
-63.505271,-63.822871,P66,APW
-63.491293,-63.830272,P67,APW
-63.431988,-63.85038,P68,APW
-63.372045,-63.859631,P69,APW
-63.272292,-63.865976,P70,APW
-63.212164,-63.859064,P71,APW
-63.152422,-63.841482,P72,APW
-63.093469,-63.813422,P73,APW
-63.035702,-63.77514,P74,APW
-62.979505,-63.726955,P75,APW
-62.944589,-63.691348,P76,APW
-62.897635,-63.637419,P77,APW
-62.846525,-63.567726,P78,APW
-62.794568,-63.486608,P79,APW
-62.748176,-63.403345,P80,APW
-62.724182,-63.355019,P81,APW
-62.685422,-63.269872,P82,APW
-63.16543,-62.672,P83,APW
-63.455289,-58.247702,P1,APBSW
-63.56,-58.11,S93,APBSW
-64.49,-60.89,S91,APBSW
-64.328347,-61.113531,P2,APBSW
-63.16543,-62.672,P3,APBSW
-62.4467,-59.628,P4,APBSW
-62.209026,-55.501005,P1,APBSE
-62.208275,-55.764712,P2,APBSE
-62.202679,-55.889465,P3,APBSE
-62.191996,-56.012607,P4,APBSE
-62.223955,-56.161282,P5,APBSE
-62.230506,-56.056344,P6,APBSE
-62.232896,-55.921146,P7,APBSE
-62.240148,-55.796941,P8,APBSE
-62.2522,-55.674442,P9,APBSE
-62.268975,-55.554426,P10,APBSE
-62.302573,-55.373086,P11,APBSE
-62.329599,-55.261457,P12,APBSE
-62.360896,-55.154739,P13,APBSE
-62.396266,-55.05363,P14,APBSE
-62.416199,-54.931785,P15,APBSE
-62.439463,-54.816037,P16,APBSE
-62.458835,-54.735252,P17,APBSE
-62.500518,-54.543207,P18,APBSE
-62.52607,-54.429287,P19,APBSE
-62.555953,-54.320062,P20,APBSE
-62.599363,-54.187355,P21,APBSE
-63.35067,-57.036714,P22,APBSE
-63.25,-57.2,I1,APBSE
-63.56,-58.11,S93,APBSE
-63.455289,-58.247702,P23,APBSE
-62.4467,-59.628,P24,APBSE
-61.54253,-56.371071,P25,APBSE
-63.35067,-57.036714,P1,APE
-62.599363,-54.187355,P2,APE
-62.627926,-54.118516,P3,APE
-62.669556,-54.027534,P4,APE
-62.714598,-53.943914,P5,APE
-62.746439,-53.892004,P6,APE
-62.795934,-53.819435,P7,APE
-62.847954,-53.755792,P8,APE
-62.902307,-53.701303,P9,APE
-62.958636,-53.656383,P10,APE
-63.016567,-53.62139,P11,APE
-63.055889,-53.603726,P12,APE
-63.103157,-53.585331,P13,APE
-63.150111,-53.57037,P14,APE
-63.180028,-53.56428,P15,APE
-63.230784,-53.556184,P16,APE
-63.286754,-53.551862,P17,APE
-63.34715,-53.557568,P18,APE
-63.407183,-53.574063,P19,APE
-63.46644,-53.601306,P20,APE
-63.524508,-53.639181,P21,APE
-63.580981,-53.68749,P22,APE
-63.635463,-53.74596,P23,APE
-63.687565,-53.814239,P24,APE
-63.736918,-53.891897,P25,APE
-63.783167,-53.97843,P26,APE
-63.809656,-54.033272,P27,APE
-63.850847,-54.126128,P28,APE
-63.889606,-54.22925,P29,APE
-63.924301,-54.339286,P30,APE
-63.93095,-54.364641,P31,APE
-63.97038,-54.425912,P32,APE
-64.005691,-54.489812,P33,APE
-64.030253,-54.53726,P34,APE
-64.072801,-54.626549,P35,APE
-64.113372,-54.727017,P36,APE
-64.150022,-54.834791,P37,APE
-64.182483,-54.949112,P38,APE
-64.209728,-55.065774,P39,APE
-64.228526,-55.06439,P40,APE
-64.284346,-55.065695,P41,APE
-64.344489,-55.077866,P42,APE
-64.404039,-55.10121,P43,APE
-64.462582,-55.135643,P44,APE
-64.51971,-55.180999,P45,APE
-64.575021,-55.237034,P46,APE
-64.628124,-55.30342,P47,APE
-64.67864,-55.379746,P48,APE
-64.726207,-55.465526,P49,APE
-64.770484,-55.560194,P50,APE
-64.789136,-55.604122,P51,APE
-64.822016,-55.688341,P52,APE
-64.854806,-55.741118,P53,APE
-64.943039,-55.91091,P54,APE
-64.987161,-56.006748,P55,APE
-65.027659,-56.110878,P56,APE
-65.088257,-56.280644,P57,APE
-65.122887,-56.395858,P58,APE
-65.153213,-56.517477,P59,APE
-65.200285,-56.717023,P60,APE
-65.225001,-56.845546,P61,APE
-65.244961,-56.978465,P62,APE
-65.258189,-57.092736,P63,APE
-65.271081,-57.23772,P64,APE
-65.278144,-57.377438,P65,APE
-65.280092,-57.517929,P66,APE
-65.276909,-57.658149,P67,APE
-65.269331,-57.785264,P68,APE
-65.313162,-57.797565,P69,APE
-65.35906,-57.818543,P70,APE
-65.430941,-57.862086,P71,APE
-65.487904,-57.909694,P72,APE
-65.543043,-57.968395,P73,APE
-65.595965,-58.037849,P74,APE
-65.646294,-58.117628,P75,APE
-65.693668,-58.207224,P76,APE
-65.737744,-58.306044,P77,APE
-65.778204,-58.413421,P78,APE
-65.81475,-58.528612,P79,APE
-65.840204,-58.622719,P80,APE
-65.878427,-58.78688,P81,APE
-65.914428,-58.905324,P82,APE
-65.938509,-59.034291,P83,APE
-65.956918,-59.163251,P84,APE
-65.979579,-59.302671,P85,APE
-66,-59.447548,P86,APE
-66.006618,-60.555673,P87,APE
-65.97,-60.67,S94,APE
-66.01,-60.95,S95,APE
-66.07,-61.07,S96,APE
-66.12,-61.29,S97,APE
-66.17,-61.94,S98,APE
-66,-62.55,S99,APE
-65.93,-64.06,S92,APE
-65.5,-63.4,I3,APE
-64.7,-61.5,I2,APE
-64.49,-60.89,S91,APE
-63.56,-58.11,S93,APE
-63.25,-57.2,I1,APE
-61.8987,-56.255,P1,BS
-63.009,-56.255,I180,BS
-63.092,-56.548,I179,BS
-63.248,-57.1,I178,BS
-63.25,-57.2,I1,BS
-63.56,-58.11,S93,BS
-64,-59.42,S84,BS
-64.06,-59.61,S100,BS
-62.92793,-61.87732,P4,BS
-62.811,-61.512,I144,BS
-62.8,-61.45,I145,BS
-62.733,-61.257,I146,BS
-62.731,-61.22,I147,BS
-62.725,-61.203,I148,BS
-62.676,-61.138,I149,BS
-62.643,-61.085,I150,BS
-62.636,-60.868,I151,BS
-62.586,-60.737,I152,BS
-62.604,-60.474,I153,BS
-62.587,-60.329,I154,BS
-62.506,-60.136,I155,BS
-62.474,-60.093,I156,BS
-62.455,-60.03,I157,BS
-62.457,-59.97,I158,BS
-62.477,-59.827,I159,BS
-62.444,-59.726,I160,BS
-62.392,-59.686,I161,BS
-62.357,-59.629,I162,BS
-62.39,-59.477,I163,BS
-62.38,-59.385,I164,BS
-62.305,-59.23,I165,BS
-62.265,-59.074,I166,BS
-62.235,-59.001,I167,BS
-62.231,-58.999,I168,BS
-62.191,-58.972,I169,BS
-62.137,-58.832,I170,BS
-62.01,-58.455,I171,BS
-61.989,-58.05,I172,BS
-61.8986,-58,I173,BS
-61.947,-57.986,I174,BS
-61.965,-57.835,I175,BS
-61.92,-57.671,I176,BS
-61.899,-57.672,I177,BS
-65.67,-63.66,S101,DP1
-65.93,-64.06,S92,DP1
-67,-65.7,I4,DP1
-66,-69,P3,DP1
-65,-69,P4,DP1
-63.9297,-67.07346,P5,DP1
-65,-69,P1,DP2
-66,-69,P2,DP2
-67,-65.7,I4,DP2
-68,-66.2,I5,DP2
-69.09,-65.51,I6,DP2
-69.93,-67.11,I143,DP2
-71.95,-65.33,I142,DP2
-73.16,-66.44,I141,DP2
-73.55,-70,S1,DP2
-71,-70,S2,DP2
-70.9,-69.5,S3,DP2
-70.3,-69.5,S4,DP2
-70.2,-70,S5,DP2
-60,-70,P7,DP2
-60,-60,P8,DP2
-62.03355,-63.66039,P9,DP2
-63.9297,-67.07346,P10,DP2
-60,-53.4425,P1,EI
-61.8987,-53.4425,P2,EI
-61.8987,-56.255,P3,EI
-61.899,-57.672,I177,EI
-61.92,-57.671,I176,EI
-61.965,-57.835,I175,EI
-61.947,-57.986,I174,EI
-61.8986,-58,I173,EI
-60,-58,P5,EI
-62.92793,-61.87732,P1,GS
-64.06,-59.61,S100,GS
-64.49,-60.89,S91,GS
-64.7,-61.5,I2,GS
-65.5,-63.4,I3,GS
-65.67,-63.66,S101,GS
-63.9297,-67.07346,P5,GS
-62.03355,-63.66039,P6,GS
-61.8987,-53.4425,P1,JOIN
-63.41667,-53.4425,P2,JOIN
-63.416667,-55.835,I185,JOIN
-63.416667,-56.075,I184,JOIN
-63.41667,-56.255,P3,JOIN
-63.4,-56.255,I183,JOIN
-63.215,-56.255,I182,JOIN
-63.168,-56.255,I181,JOIN
-63.009,-56.255,I180,JOIN
-61.8987,-56.255,P5,JOIN
-63,-52,P1,PB1
-63.41667,-53.4425,P2,PB1
-61.8987,-53.4425,P3,PB1
-60,-53.4425,P4,PB1
-60,-50,P5,PB1
-63,-52,P1,PB2
-60,-50,P2,PB2
-64,-50,S6,PB2
-65,-50,P3,PB2
-65,-61.015,I186,PB2
-65,-61.07,S7,PB2
-64.7,-61.5,I2,PB2
-64.49,-60.89,S91,PB2
-64.06,-59.61,S100,PB2
-64,-59.42,S84,PB2
-63.56,-58.11,S93,PB2
-63.25,-57.2,I1,PB2
-63.248,-57.1,I178,PB2
-63.092,-56.548,I179,PB2
-63.009,-56.255,I180,PB2
-63.168,-56.255,I181,PB2
-63.215,-56.255,I182,PB2
-63.4,-56.255,I183,PB2
-63.41667,-56.255,P8,PB2
-63.416667,-56.075,I184,PB2
-63.416667,-55.835,I185,PB2
-63.41667,-53.4425,P9,PB2
-60,-58,P1,SSIW
-61.8986,-58,I173,SSIW
-61.989,-58.05,I172,SSIW
-62.01,-58.455,I171,SSIW
-62.137,-58.832,I170,SSIW
-62.191,-58.972,I169,SSIW
-62.231,-58.999,I168,SSIW
-62.235,-59.001,I167,SSIW
-62.265,-59.074,I166,SSIW
-62.305,-59.23,I165,SSIW
-62.38,-59.385,I164,SSIW
-62.39,-59.477,I163,SSIW
-62.357,-59.629,I162,SSIW
-62.392,-59.686,I161,SSIW
-62.444,-59.726,I160,SSIW
-62.477,-59.827,I159,SSIW
-62.457,-59.97,I158,SSIW
-62.455,-60.03,I157,SSIW
-62.474,-60.093,I156,SSIW
-62.506,-60.136,I155,SSIW
-62.587,-60.329,I154,SSIW
-62.604,-60.474,I153,SSIW
-62.586,-60.737,I152,SSIW
-62.636,-60.868,I151,SSIW
-62.643,-61.085,I150,SSIW
-62.676,-61.138,I149,SSIW
-62.725,-61.203,I148,SSIW
-62.731,-61.22,I147,SSIW
-62.733,-61.257,I146,SSIW
-62.8,-61.45,I145,SSIW
-62.811,-61.512,I144,SSIW
-62.92793,-61.87732,P3,SSIW
-62.03355,-63.66039,P4,SSIW
-60,-60,P5,SSIW
