"ID","Lat","Lon","Qe","Suf"
"p48",-50,5,4.04530309241533,1
"p48",-57.5,30,-69.8301745034225,1
"p48",-65,5,-20.4964218325882,1
"p48",-57.5,-20,85.9200005341314,1
"p88",-50,-140,32.9660015215906,1
"p88",-60,-110,-156.949261775483,1
"p88",-70,-140,-13.4947172601235,1
"p88",-60,-170,137.041204901105,1
"p58",-40,110,-31.2857883278242,1
"p58",-50,140,-147.288819559945,1
"p58",-60,110,-4.63589435248973,1
"p58",-50,80,183.615705516305,1
"p48",-50,5,-1.03286456967938,2
"p48",-57.5,30,-71.6835679075699,2
"p48",-65,5,-22.9830429322463,2
"p48",-57.5,-20,95.2088871167639,2
"p88",-50,-140,35.8394624185637,2
"p88",-60,-110,-157.425077261683,2
"p88",-70,-140,-13.671751722517,2
"p88",-60,-170,134.715270513973,2
"p58",-40,110,-36.6055035399966,2
"p58",-50,140,-145.241873010195,2
"p58",-60,110,-3.34381689395927,2
"p58",-50,80,185.332668315561,2
"p48",-50,5,2.19426367150408,3
"p48",-57.5,30,-77.3207125924019,3
"p48",-65,5,-22.5518262402813,3
"p48",-57.5,-20,97.416400109059,3
"p88",-50,-140,28.236844089414,3
"p88",-60,-110,-156.608260614795,3
"p88",-70,-140,-15.0599247383241,3
"p88",-60,-170,143.06880307879,3
"p58",-40,110,-42.4752216152232,3
"p58",-50,140,-142.875383664602,3
"p58",-60,110,-4.97745657053241,3
"p58",-50,80,190.601658763923,3
"p48",-50,5,2.64762751527141,4
"p48",-57.5,30,-81.846218067175,4
"p48",-65,5,-23.0930468261668,4
"p48",-57.5,-20,103.071023686529,4
"p88",-50,-140,22.6401196175982,4
"p88",-60,-110,-157.232044758821,4
"p88",-70,-140,-16.2595955806984,4
"p88",-60,-170,150.598499626564,4
"p58",-40,110,-38.7246377644109,4
"p58",-50,140,-143.645199193079,4
"p58",-60,110,-6.26851624916362,4
"p58",-50,80,189.052375048147,4
"p48",-50,5,0.484369877154146,5
"p48",-57.5,30,-77.2585873785646,5
"p48",-65,5,-20.6810067490004,5
"p48",-57.5,-20,97.854859537573,5
"p88",-50,-140,30.8933210949392,5
"p88",-60,-110,-155.056166373211,5
"p88",-70,-140,-16.9643087838846,5
"p88",-60,-170,140.930747963803,5
"p58",-40,110,-32.9903541510613,5
"p58",-50,140,-145.022047827342,5
"p58",-60,110,-12.1424104992478,5
"p58",-50,80,190.45228847118,5
"p48",-50,5,1.31871708202582,6
"p48",-57.5,30,-73.8483297314085,6
"p48",-65,5,-16.3461790239949,6
"p48",-57.5,-20,88.8292640271764,6
"p88",-50,-140,40.325769707295,6
"p88",-60,-110,-162.721681041934,6
"p88",-70,-140,-16.3945789294458,6
"p88",-60,-170,138.626596515499,6
"p58",-40,110,-30.0453783650916,6
"p58",-50,140,-142.71960571893,6
"p58",-60,110,-18.7862819612875,6
"p58",-50,80,191.792909572423,6
"p48",-50,5,2.05214650777097,7
"p48",-57.5,30,-75.2877487598116,7
"p48",-65,5,-19.3199750306106,7
"p48",-57.5,-20,91.9965295473962,7
"p88",-50,-140,38.3874615245001,7
"p88",-60,-110,-162.819152016936,7
"p88",-70,-140,-16.6304480297942,7
"p88",-60,-170,140.86906335357,7
"p58",-40,110,-26.0579231220736,7
"p58",-50,140,-149.038506430581,7
"p58",-60,110,-16.9623255033021,7
"p58",-50,80,192.727484569292,7
"p48",-50,5,15.4235788671446,8
"p48",-57.5,30,-87.7118460101597,8
"p48",-65,5,-22.5006713803715,8
"p48",-57.5,-20,94.8114403160971,8
"p88",-50,-140,38.553031160183,8
"p88",-60,-110,-161.694074424705,8
"p88",-70,-140,-16.4873733892634,8
"p88",-60,-170,139.591167380197,8
"p58",-40,110,-22.2864068852537,8
"p58",-50,140,-153.147618968523,8
"p58",-60,110,-13.924649863813,8
"p58",-50,80,189.811604731649,8
"p48",-50,5,9.57702424270258,9
"p48",-57.5,30,-87.2558511573004,9
"p48",-65,5,-20.9702796516681,9
"p48",-57.5,-20,98.140142262018,9
"p88",-50,-140,32.5516096878091,9
"p88",-60,-110,-159.223018093033,9
"p88",-70,-140,-16.8419317030221,9
"p88",-60,-170,143.60062470186,9
"p58",-40,110,-23.1134193332025,9
"p58",-50,140,-153.7222371409,9
"p58",-60,110,-14.739859137862,9
"p58",-50,80,192.364800152747,9
"p48",-50,5,16.4050721308212,10
"p48",-57.5,30,-88.4088550144128,10
"p48",-65,5,-23.855969244328,10
"p48",-57.5,-20,96.1513769064373,10
"p88",-50,-140,30.5602752144807,10
"p88",-60,-110,-158.970591299933,10
"p88",-70,-140,-15.8538719266724,10
"p88",-60,-170,144.116511604968,10
"p58",-40,110,-29.1033651845337,10
"p58",-50,140,-151.865456460532,10
"p58",-60,110,-11.2144613513107,10
"p58",-50,80,193.046641963065,10
"p48",-50,5,4.5551889616103,11
"p48",-57.5,30,-73.4012457672592,11
"p48",-65,5,-24.7788567013107,11
"p48",-57.5,-20,93.559903176003,11
"p88",-50,-140,34.4811298814499,11
"p88",-60,-110,-160.158556453568,11
"p88",-70,-140,-15.0169026234799,11
"p88",-60,-170,140.170177433578,11
"p58",-40,110,-36.249769547146,11
"p58",-50,140,-146.236973080649,11
"p58",-60,110,-10.2319407868613,11
"p58",-50,80,193.401192472234,11
"p48",-50,5,1.83603414851308,12
"p48",-57.5,30,-72.1639734505468,12
"p48",-65,5,-22.1639178227091,12
"p48",-57.5,-20,92.0110492475126,12
"p88",-50,-140,41.9925504747812,12
"p88",-60,-110,-158.622865509321,12
"p88",-70,-140,-13.8176756764405,12
"p88",-60,-170,129.89408376472,12
"p58",-40,110,-36.129365991701,12
"p58",-50,140,-147.210767217589,12
"p58",-60,110,-4.67231332639961,12
"p58",-50,80,188.506026025363,12
