"ID","Lat","Lon","Qsd","Qe"
"p48",-65,5,2.26850834930279,-21.6450994529397
"p48",-57.5,-20,4.56111256310536,94.5809063722247
"p48",-57.5,30,6.67820928348137,-78.0014258616694
"p48",-50,5,5.74621906788922,4.95887179393784
"p58",-60,110,5.30841746340924,-10.1583272080191
"p58",-50,80,3.06490184943621,190.058779633491
"p58",-50,140,3.85851048793228,-147.334540689406
"p58",-40,110,6.27777040645296,-32.0889278189599
"p88",-70,-140,1.28985328624474,-15.5410900303055
"p88",-60,-170,5.16374321661795,140.268562569886
"p88",-60,-110,2.49168255521409,-158.956729135285
"p88",-50,-140,5.51341286152094,33.9522980327171
